flight_date,total_flights,on_time_flights,delayed_flights,cancelled_flights,average_delay_minutes,total_passengers,on_time_rate_pct,delay_rate_pct
2026-01-01,4,3,1,0,6.0,604,75.0,25.0
2026-01-02,6,6,0,0,1.83,1102,100.0,0.0
2026-01-03,4,1,3,0,27.0,710,25.0,75.0
2026-01-04,5,2,2,1,19.4,627,40.0,40.0
2026-01-05,1,0,1,0,56.0,90,0.0,100.0
2026-01-06,4,1,3,0,47.75,603,25.0,75.0
2026-01-07,2,2,0,0,0.0,386,100.0,0.0
2026-01-08,3,2,1,0,16.67,540,66.67,33.33
2026-01-09,6,5,0,1,2.33,1284,83.33,0.0
2026-01-10,3,1,2,0,22.0,550,33.33,66.67
2026-01-11,4,3,1,0,7.75,745,75.0,25.0
2026-01-12,8,3,5,0,14.88,1272,37.5,62.5
2026-01-13,3,2,1,0,40.0,825,66.67,33.33
2026-01-14,3,2,1,0,59.0,683,66.67,33.33
2026-01-15,1,1,0,0,0.0,242,100.0,0.0
2026-01-16,2,2,0,0,6.0,442,100.0,0.0
2026-01-17,5,3,2,0,28.2,865,60.0,40.0
2026-01-18,3,3,0,0,8.67,552,100.0,0.0
2026-01-19,5,2,3,0,46.4,1001,40.0,60.0
2026-01-20,2,2,0,0,0.0,155,100.0,0.0
2026-01-21,8,5,3,0,29.38,1550,62.5,37.5
2026-01-22,3,2,1,0,21.67,502,66.67,33.33
2026-01-23,3,2,0,1,2.67,565,66.67,0.0
2026-01-24,4,2,2,0,23.75,526,50.0,50.0
2026-01-25,4,2,2,0,13.25,887,50.0,50.0
2026-01-26,6,4,1,1,13.0,1159,66.67,16.67
2026-01-27,5,2,3,0,18.8,653,40.0,60.0
2026-01-28,7,3,3,1,24.14,1242,42.86,42.86
2026-01-29,5,2,3,0,45.0,1374,40.0,60.0
2026-01-30,4,1,3,0,24.25,924,25.0,75.0
2026-01-31,4,2,2,0,12.75,823,50.0,50.0
2026-02-01,5,4,1,0,4.4,1045,80.0,20.0
2026-02-02,5,5,0,0,1.8,951,100.0,0.0
2026-02-03,7,6,1,0,8.57,1332,85.71,14.29
2026-02-04,2,1,1,0,15.5,499,50.0,50.0
2026-02-05,3,1,2,0,18.0,940,33.33,66.67
2026-02-06,4,3,1,0,53.5,659,75.0,25.0
2026-02-07,4,1,3,0,26.25,826,25.0,75.0
2026-02-08,4,1,2,1,13.25,720,25.0,50.0
2026-02-09,3,2,1,0,16.67,519,66.67,33.33
2026-02-10,3,0,2,1,26.33,470,0.0,66.67
2026-02-11,4,1,3,0,47.0,654,25.0,75.0
2026-02-12,8,4,3,1,16.62,1064,50.0,37.5
2026-02-13,2,2,0,0,4.0,462,100.0,0.0
2026-02-14,4,2,2,0,18.75,798,50.0,50.0
2026-02-15,3,0,2,1,73.67,432,0.0,66.67
2026-02-16,4,1,3,0,40.5,884,25.0,75.0
2026-02-17,4,3,1,0,12.75,953,75.0,25.0
2026-02-18,4,2,2,0,17.25,554,50.0,50.0
2026-02-19,5,3,2,0,25.4,898,60.0,40.0
2026-02-20,4,3,1,0,14.0,653,75.0,25.0
2026-02-21,5,2,3,0,43.2,1075,40.0,60.0
2026-02-22,1,1,0,0,0.0,88,100.0,0.0
2026-02-23,8,2,6,0,38.0,1399,25.0,75.0
2026-02-24,4,1,3,0,29.5,615,25.0,75.0
2026-02-25,3,1,2,0,69.0,545,33.33,66.67
2026-02-26,8,4,4,0,22.62,1293,50.0,50.0
2026-02-27,5,3,2,0,16.0,513,60.0,40.0
2026-02-28,5,1,4,0,26.2,1116,20.0,80.0
2026-03-01,4,2,1,1,6.5,923,50.0,25.0
2026-03-02,5,4,1,0,4.6,1167,80.0,20.0
2026-03-03,5,4,1,0,11.4,820,80.0,20.0
2026-03-05,5,3,2,0,10.6,1201,60.0,40.0
2026-03-06,3,1,2,0,34.33,475,33.33,66.67
2026-03-07,3,3,0,0,1.33,571,100.0,0.0
2026-03-08,4,2,2,0,40.5,927,50.0,50.0
2026-03-09,9,3,6,0,44.89,1781,33.33,66.67
2026-03-10,2,0,2,0,31.5,272,0.0,100.0
2026-03-11,3,3,0,0,1.33,684,100.0,0.0
2026-03-12,3,0,3,0,37.67,700,0.0,100.0
2026-03-13,2,2,0,0,3.0,535,100.0,0.0
2026-03-14,4,2,2,0,17.75,927,50.0,50.0
2026-03-15,4,1,3,0,22.0,777,25.0,75.0
2026-03-16,5,2,2,1,19.8,740,40.0,40.0
2026-03-17,3,2,1,0,7.67,471,66.67,33.33
2026-03-18,6,3,3,0,31.33,1288,50.0,50.0
2026-03-19,9,5,4,0,16.44,1426,55.56,44.44
2026-03-20,3,1,2,0,13.33,515,33.33,66.67
2026-03-21,2,0,2,0,64.0,390,0.0,100.0
2026-03-22,5,2,3,0,16.6,1147,40.0,60.0
2026-03-23,4,2,2,0,14.25,926,50.0,50.0
2026-03-24,3,1,2,0,22.0,444,33.33,66.67
2026-03-25,4,1,3,0,50.25,687,25.0,75.0
2026-03-26,2,1,1,0,13.5,368,50.0,50.0
2026-03-27,5,3,2,0,13.8,1046,60.0,40.0
2026-03-28,7,2,5,0,31.0,1700,28.57,71.43
2026-03-29,2,2,0,0,5.0,440,100.0,0.0
2026-03-30,4,1,1,2,7.75,328,25.0,25.0
2026-03-31,3,3,0,0,1.67,587,100.0,0.0
2026-04-02,3,1,2,0,22.67,592,33.33,66.67
2026-04-03,3,2,1,0,8.0,803,66.67,33.33
2026-04-04,4,2,2,0,30.5,637,50.0,50.0
2026-04-05,5,3,1,1,6.8,862,60.0,20.0
2026-04-06,7,5,2,0,28.14,1414,71.43,28.57
2026-04-07,1,1,0,0,8.0,102,100.0,0.0
2026-04-08,5,4,1,0,8.6,882,80.0,20.0
2026-04-09,8,3,5,0,26.62,1726,37.5,62.5
2026-04-10,5,3,2,0,10.2,956,60.0,40.0
2026-04-11,3,2,1,0,12.33,387,66.67,33.33
2026-04-12,6,3,2,1,16.5,1166,50.0,33.33
2026-04-13,4,2,2,0,27.75,549,50.0,50.0
2026-04-14,4,1,3,0,28.5,943,25.0,75.0
2026-04-15,3,3,0,0,0.0,640,100.0,0.0
2026-04-16,9,3,5,1,24.56,1578,33.33,55.56
2026-04-17,4,3,1,0,7.5,491,75.0,25.0
2026-04-18,4,1,3,0,32.0,808,25.0,75.0
2026-04-19,6,5,1,0,8.17,1374,83.33,16.67
2026-04-20,6,2,4,0,27.33,1019,33.33,66.67
2026-04-21,4,2,2,0,9.25,834,50.0,50.0
2026-04-22,10,5,5,0,17.3,1918,50.0,50.0
2026-04-23,5,2,3,0,22.8,1152,40.0,60.0
2026-04-24,5,2,2,1,20.4,871,40.0,40.0
2026-04-25,3,0,3,0,36.0,601,0.0,100.0
2026-04-26,4,3,1,0,8.0,703,75.0,25.0
2026-04-27,3,2,1,0,11.0,798,66.67,33.33
2026-04-28,1,0,1,0,38.0,240,0.0,100.0
2026-04-29,6,1,4,1,36.33,800,16.67,66.67
2026-04-30,3,2,1,0,20.33,677,66.67,33.33
2026-05-01,3,2,0,1,8.67,486,66.67,0.0
2026-05-02,5,1,3,1,18.2,936,20.0,60.0
2026-05-03,4,2,2,0,35.0,923,50.0,50.0
2026-05-04,3,2,1,0,10.67,714,66.67,33.33
2026-05-06,7,2,4,1,33.43,953,28.57,57.14
2026-05-07,1,0,1,0,19.0,303,0.0,100.0
2026-05-08,2,1,1,0,11.5,516,50.0,50.0
2026-05-09,4,1,3,0,19.5,1244,25.0,75.0
2026-05-10,2,2,0,0,0.0,331,100.0,0.0
2026-05-11,4,2,2,0,21.25,845,50.0,50.0
2026-05-12,3,1,1,1,46.33,382,33.33,33.33
2026-05-13,3,2,1,0,11.67,503,66.67,33.33
2026-05-14,5,2,3,0,50.2,940,40.0,60.0
2026-05-15,7,6,1,0,10.0,1633,85.71,14.29
2026-05-16,4,1,3,0,20.25,865,25.0,75.0
2026-05-17,4,1,2,1,10.25,318,25.0,50.0
2026-05-18,3,2,1,0,13.67,572,66.67,33.33
2026-05-19,4,1,3,0,41.25,847,25.0,75.0
2026-05-20,3,1,2,0,24.33,495,33.33,66.67
2026-05-21,3,1,2,0,25.0,727,33.33,66.67
2026-05-22,2,0,2,0,46.0,259,0.0,100.0
2026-05-23,8,3,5,0,48.75,1353,37.5,62.5
2026-05-24,1,0,1,0,46.0,259,0.0,100.0
2026-05-25,6,3,3,0,42.5,1108,50.0,50.0
2026-05-26,5,3,2,0,15.8,952,60.0,40.0
2026-05-27,4,2,2,0,26.75,838,50.0,50.0
2026-05-28,4,2,2,0,34.5,706,50.0,50.0
2026-05-29,4,2,1,1,15.25,505,50.0,25.0
2026-05-30,3,1,2,0,19.0,703,33.33,66.67
2026-05-31,1,1,0,0,0.0,258,100.0,0.0
2026-06-01,3,2,1,0,7.0,610,66.67,33.33
2026-06-02,8,3,4,1,16.0,1362,37.5,50.0
2026-06-04,3,2,1,0,13.0,911,66.67,33.33
2026-06-05,1,0,1,0,21.0,95,0.0,100.0
2026-06-06,4,2,2,0,42.75,888,50.0,50.0
2026-06-07,4,2,1,1,6.25,432,50.0,25.0
2026-06-08,5,2,3,0,26.0,977,40.0,60.0
2026-06-09,3,1,2,0,56.33,593,33.33,66.67
2026-06-10,3,0,3,0,36.0,288,0.0,100.0
2026-06-11,3,0,2,1,58.33,326,0.0,66.67
2026-06-12,5,3,2,0,29.0,861,60.0,40.0
2026-06-13,4,2,2,0,27.0,686,50.0,50.0
2026-06-14,5,3,2,0,13.6,830,60.0,40.0
2026-06-15,3,0,3,0,35.67,670,0.0,100.0
2026-06-16,4,3,1,0,27.75,1003,75.0,25.0
2026-06-17,3,2,1,0,18.67,732,66.67,33.33
2026-06-18,7,4,3,0,12.57,874,57.14,42.86
2026-06-19,7,5,2,0,20.43,1153,71.43,28.57
2026-06-20,5,3,1,1,6.8,992,60.0,20.0
2026-06-21,4,2,1,1,13.0,432,50.0,25.0
2026-06-22,3,1,1,1,9.0,453,33.33,33.33
2026-06-23,3,0,3,0,46.67,565,0.0,100.0
2026-06-24,1,1,0,0,0.0,194,100.0,0.0
2026-06-25,2,0,2,0,83.5,339,0.0,100.0
2026-06-26,5,1,3,1,21.2,811,20.0,60.0
2026-06-27,5,1,4,0,65.0,819,20.0,80.0
2026-06-28,5,2,3,0,46.8,946,40.0,60.0
2026-06-29,3,1,2,0,23.0,578,33.33,66.67
