flight_key,flight_id,airline_key,origin_airport_key,destination_airport_key,date_key,scheduled_time,actual_time,scheduled_hour,route,gate,status,passengers,delay_minutes,delay_band,is_on_time,is_delayed,is_cancelled
1,DE03120001,3,5,2,20260312,2026-03-12 12:45:00,2026-03-12 13:31:00,12,FRA-BER,A05,DELAYED,271,46,31-60,False,True,False
2,LH02250002,7,5,10,20260225,2026-02-25 13:20:00,2026-02-25 13:58:00,13,FRA-MUC,B03,DELAYED,269,38,31-60,False,True,False
3,DE01250004,3,5,9,20260125,2026-01-25 17:00:00,2026-01-25 17:26:00,17,FRA-MAD,E02,DELAYED,290,26,16-30,False,True,False
4,DE01210005,3,5,9,20260121,2026-01-21 22:50:00,2026-01-21 22:35:00,22,FRA-MAD,A05,ON_TIME,90,0,ON_TIME,True,False,False
5,AF01210006,1,5,3,20260121,2026-01-21 12:35:00,2026-01-21 12:20:00,12,FRA-CDG,A18,ON_TIME,241,0,ON_TIME,True,False,False
6,EK02230007,4,5,1,20260223,2026-02-23 13:35:00,2026-02-23 14:07:00,13,FRA-AMS,B09,DELAYED,249,32,31-60,False,True,False
7,AF03250008,1,5,7,20260325,2026-03-25 06:45:00,2026-03-25 07:33:00,6,FRA-JFK,B09,DELAYED,260,48,31-60,False,True,False
8,DE05260009,3,5,8,20260526,2026-05-26 15:45:00,2026-05-26 15:30:00,15,FRA-LHR,A18,ON_TIME,190,0,ON_TIME,True,False,False
9,AF05240010,1,5,4,20260524,2026-05-24 22:50:00,2026-05-24 23:36:00,22,FRA-DXB,B16,DELAYED,259,46,31-60,False,True,False
10,AF05110011,1,5,6,20260511,2026-05-11 20:35:00,2026-05-11 20:58:00,20,FRA-HAM,Z15,DELAYED,271,23,16-30,False,True,False
11,DE04080012,3,5,9,20260408,2026-04-08 20:20:00,2026-04-08 20:23:00,20,FRA-MAD,A12,ON_TIME,60,3,ON_TIME,True,False,False
12,KL03290013,6,5,7,20260329,2026-03-29 08:50:00,2026-03-29 08:35:00,8,FRA-JFK,E02,ON_TIME,189,0,ON_TIME,True,False,False
13,BA01280014,2,5,13,20260128,2026-01-28 15:20:00,2026-01-28 15:51:00,15,FRA-ZRH,E02,DELAYED,137,31,31-60,False,True,False
14,LH03240015,7,5,11,20260324,2026-03-24 20:30:00,2026-03-24 20:15:00,20,FRA-PMI,A05,ON_TIME,177,0,ON_TIME,True,False,False
15,AF01210016,1,5,11,20260121,2026-01-21 08:15:00,2026-01-21 09:22:00,8,FRA-PMI,A18,DELAYED,327,67,61-120,False,True,False
16,BA05020017,2,5,7,20260502,2026-05-02 22:40:00,2026-05-02 23:12:00,22,FRA-JFK,B09,DELAYED,157,32,31-60,False,True,False
17,UA06160018,8,5,7,20260616,2026-06-16 17:15:00,2026-06-16 17:11:00,17,FRA-JFK,B03,ON_TIME,181,0,ON_TIME,True,False,False
18,DE01060019,3,5,1,20260106,2026-01-06 22:45:00,2026-01-07 00:30:00,22,FRA-AMS,B16,DELAYED,71,105,61-120,False,True,False
19,DE03020020,3,5,13,20260302,2026-03-02 14:15:00,2026-03-02 14:31:00,14,FRA-ZRH,B03,DELAYED,297,16,16-30,False,True,False
20,IB02180021,5,5,9,20260218,2026-02-18 08:35:00,2026-02-18 08:34:00,8,FRA-MAD,A12,ON_TIME,82,0,ON_TIME,True,False,False
21,LH03280022,7,5,9,20260328,2026-03-28 08:45:00,2026-03-28 09:19:00,8,FRA-MAD,C07,DELAYED,126,34,31-60,False,True,False
22,BA04290023,2,5,3,20260429,2026-04-29 12:35:00,2026-04-29 15:03:00,12,FRA-CDG,A12,DELAYED,62,148,120+,False,True,False
23,AF04150024,1,5,6,20260415,2026-04-15 21:15:00,2026-04-15 21:06:00,21,FRA-HAM,A18,ON_TIME,85,0,ON_TIME,True,False,False
24,UA04100025,8,5,2,20260410,2026-04-10 14:15:00,2026-04-10 14:16:00,14,FRA-BER,A18,ON_TIME,304,1,ON_TIME,True,False,False
25,IB05160027,5,5,13,20260516,2026-05-16 10:30:00,2026-05-16 10:57:00,10,FRA-ZRH,C07,DELAYED,175,27,16-30,False,True,False
26,DE03050028,3,5,11,20260305,2026-03-05 07:25:00,2026-03-05 07:46:00,7,FRA-PMI,B16,DELAYED,322,21,16-30,False,True,False
27,IB05250030,5,5,11,20260525,2026-05-25 08:35:00,2026-05-25 09:14:00,8,FRA-PMI,B16,DELAYED,122,39,31-60,False,True,False
28,DE04050031,3,5,8,20260405,2026-04-05 14:40:00,2026-04-05 14:34:00,14,FRA-LHR,A05,ON_TIME,325,0,ON_TIME,True,False,False
29,KL01270032,6,5,7,20260127,2026-01-27 09:50:00,2026-01-27 09:59:00,9,FRA-JFK,B09,ON_TIME,134,9,ON_TIME,True,False,False
30,KL02230033,6,5,11,20260223,2026-02-23 15:45:00,2026-02-23 16:16:00,15,FRA-PMI,A12,DELAYED,81,31,31-60,False,True,False
31,UA01120034,8,5,3,20260112,2026-01-12 06:00:00,2026-01-12 05:51:00,6,FRA-CDG,A18,ON_TIME,189,0,ON_TIME,True,False,False
32,IB04200035,5,5,13,20260420,2026-04-20 22:30:00,2026-04-20 23:19:00,22,FRA-ZRH,B16,DELAYED,73,49,31-60,False,True,False
33,BA02020036,2,5,9,20260202,2026-02-02 06:50:00,2026-02-02 06:52:00,6,FRA-MAD,B16,ON_TIME,75,2,ON_TIME,True,False,False
34,AF03050037,1,5,7,20260305,2026-03-05 09:00:00,2026-03-05 09:32:00,9,FRA-JFK,B03,DELAYED,134,32,31-60,False,True,False
35,BA04160038,2,5,6,20260416,2026-04-16 05:40:00,2026-04-16 05:38:00,5,FRA-HAM,B03,ON_TIME,265,0,ON_TIME,True,False,False
36,KL06290039,6,5,6,20260629,2026-06-29 09:10:00,2026-06-29 09:35:00,9,FRA-HAM,B16,DELAYED,290,25,16-30,False,True,False
37,KL02270040,6,5,8,20260227,2026-02-27 05:45:00,2026-02-27 05:46:00,5,FRA-LHR,B09,ON_TIME,90,1,ON_TIME,True,False,False
38,EK05110041,4,5,7,20260511,2026-05-11 18:20:00,2026-05-11 19:22:00,18,FRA-JFK,A05,DELAYED,190,62,61-120,False,True,False
39,DE04220042,3,5,11,20260422,2026-04-22 17:00:00,2026-04-22 17:22:00,17,FRA-PMI,C07,DELAYED,114,22,16-30,False,True,False
40,AF01120043,1,5,3,20260112,2026-01-12 18:30:00,2026-01-12 18:57:00,18,FRA-CDG,B16,DELAYED,155,27,16-30,False,True,False
41,UA06200044,8,5,10,20260620,2026-06-20 16:25:00,2026-06-20 16:10:00,16,FRA-MUC,E02,ON_TIME,208,0,ON_TIME,True,False,False
42,KL04150045,6,5,7,20260415,2026-04-15 16:10:00,2026-04-15 16:09:00,16,FRA-JFK,A18,ON_TIME,249,0,ON_TIME,True,False,False
43,EK03020048,4,5,10,20260302,2026-03-02 14:45:00,2026-03-02 14:34:00,14,FRA-MUC,B03,ON_TIME,78,0,ON_TIME,True,False,False
44,IB01190049,5,5,11,20260119,2026-01-19 20:10:00,2026-01-19 19:55:00,20,FRA-PMI,B03,ON_TIME,259,0,ON_TIME,True,False,False
45,LH03050051,7,5,13,20260305,2026-03-05 09:15:00,2026-03-05 09:00:00,9,FRA-ZRH,D04,ON_TIME,217,0,ON_TIME,True,False,False
46,UA04250052,8,5,13,20260425,2026-04-25 11:15:00,2026-04-25 11:36:00,11,FRA-ZRH,E02,DELAYED,196,21,16-30,False,True,False
47,IB03030053,5,5,7,20260303,2026-03-03 14:15:00,2026-03-03 14:25:00,14,FRA-JFK,A18,ON_TIME,96,10,ON_TIME,True,False,False
48,BA04090054,2,5,8,20260409,2026-04-09 09:45:00,2026-04-09 10:18:00,9,FRA-LHR,C07,DELAYED,293,33,31-60,False,True,False
49,LH04180055,7,5,8,20260418,2026-04-18 18:25:00,2026-04-18 19:28:00,18,FRA-LHR,A05,DELAYED,299,63,61-120,False,True,False
50,EK04100056,4,5,3,20260410,2026-04-10 19:20:00,2026-04-10 19:40:00,19,FRA-CDG,D04,DELAYED,167,20,16-30,False,True,False
51,AF04220057,1,5,3,20260422,2026-04-22 20:30:00,2026-04-22 20:23:00,20,FRA-CDG,A18,ON_TIME,294,0,ON_TIME,True,False,False
52,LH06010058,7,5,9,20260601,2026-06-01 05:35:00,2026-06-01 05:20:00,5,FRA-MAD,A18,ON_TIME,291,0,ON_TIME,True,False,False
53,LH04080059,7,5,3,20260408,2026-04-08 15:45:00,2026-04-08 15:33:00,15,FRA-CDG,B09,ON_TIME,270,0,ON_TIME,True,False,False
54,DE01050060,3,5,12,20260105,2026-01-05 22:30:00,2026-01-05 23:26:00,22,FRA-VIE,A05,DELAYED,90,56,31-60,False,True,False
55,LH02210061,7,5,8,20260221,2026-02-21 06:25:00,2026-02-21 07:04:00,6,FRA-LHR,D04,DELAYED,166,39,31-60,False,True,False
56,KL02120062,6,5,1,20260212,2026-02-12 08:40:00,2026-02-12 09:19:00,8,FRA-AMS,B09,DELAYED,68,39,31-60,False,True,False
57,UA02200063,8,5,9,20260220,2026-02-20 08:25:00,2026-02-20 08:31:00,8,FRA-MAD,Z15,ON_TIME,116,6,ON_TIME,True,False,False
58,LH05170064,7,5,1,20260517,2026-05-17 19:00:00,2026-05-17 19:06:00,19,FRA-AMS,C07,ON_TIME,61,6,ON_TIME,True,False,False
59,IB04210065,5,5,10,20260421,2026-04-21 17:15:00,2026-04-21 17:00:00,17,FRA-MUC,Z15,ON_TIME,193,0,ON_TIME,True,False,False
60,IB04220066,5,5,12,20260422,2026-04-22 14:00:00,2026-04-22 14:29:00,14,FRA-VIE,B09,DELAYED,99,29,16-30,False,True,False
61,IB04290067,5,5,8,20260429,2026-04-29 18:00:00,,18,FRA-LHR,B09,CANCELLED,25,0,CANCELLED,False,False,True
62,EK06020068,4,5,3,20260602,2026-06-02 14:20:00,,14,FRA-CDG,B03,CANCELLED,2,0,CANCELLED,False,False,True
63,UA05230069,8,5,12,20260523,2026-05-23 13:15:00,2026-05-23 13:00:00,13,FRA-VIE,C07,ON_TIME,168,0,ON_TIME,True,False,False
64,IB03200071,5,5,3,20260320,2026-03-20 13:45:00,2026-03-20 14:03:00,13,FRA-CDG,B03,DELAYED,149,18,16-30,False,True,False
65,AF05040072,1,5,4,20260504,2026-05-04 14:25:00,2026-05-04 14:50:00,14,FRA-DXB,A12,DELAYED,199,25,16-30,False,True,False
66,AF02280073,1,5,3,20260228,2026-02-28 16:40:00,2026-02-28 17:42:00,16,FRA-CDG,A18,DELAYED,204,62,61-120,False,True,False
67,IB01040074,5,5,10,20260104,2026-01-04 15:15:00,2026-01-04 15:17:00,15,FRA-MUC,B09,ON_TIME,81,2,ON_TIME,True,False,False
68,IB01170075,5,5,10,20260117,2026-01-17 18:15:00,2026-01-17 18:24:00,18,FRA-MUC,A12,ON_TIME,210,9,ON_TIME,True,False,False
69,AF05230076,1,5,10,20260523,2026-05-23 19:25:00,2026-05-23 19:33:00,19,FRA-MUC,C07,ON_TIME,322,8,ON_TIME,True,False,False
70,IB03180077,5,5,12,20260318,2026-03-18 18:50:00,2026-03-18 20:01:00,18,FRA-VIE,B03,DELAYED,161,71,61-120,False,True,False
71,KL01210078,6,5,7,20260121,2026-01-21 10:45:00,2026-01-21 12:07:00,10,FRA-JFK,D04,DELAYED,264,82,61-120,False,True,False
72,IB01090079,5,5,3,20260109,2026-01-09 12:50:00,2026-01-09 12:56:00,12,FRA-CDG,Z15,ON_TIME,190,6,ON_TIME,True,False,False
73,AF01300080,1,5,9,20260130,2026-01-30 22:45:00,2026-01-30 22:34:00,22,FRA-MAD,A12,ON_TIME,127,0,ON_TIME,True,False,False
74,LH03200081,7,5,6,20260320,2026-03-20 15:15:00,2026-03-20 15:15:00,15,FRA-HAM,E02,ON_TIME,311,0,ON_TIME,True,False,False
75,IB01210082,5,5,12,20260121,2026-01-21 07:10:00,2026-01-21 06:55:00,7,FRA-VIE,A12,ON_TIME,68,0,ON_TIME,True,False,False
76,AF05280083,1,5,7,20260528,2026-05-28 05:50:00,2026-05-28 06:05:00,5,FRA-JFK,B09,ON_TIME,281,15,ON_TIME,True,False,False
77,BA04220084,2,5,11,20260422,2026-04-22 20:35:00,2026-04-22 20:34:00,20,FRA-PMI,A12,ON_TIME,219,0,ON_TIME,True,False,False
78,BA04160085,2,5,1,20260416,2026-04-16 20:50:00,2026-04-16 21:31:00,20,FRA-AMS,B09,DELAYED,216,41,31-60,False,True,False
79,EK04140086,4,5,10,20260414,2026-04-14 21:30:00,2026-04-14 22:08:00,21,FRA-MUC,A05,DELAYED,266,38,31-60,False,True,False
80,AF04030087,1,5,13,20260403,2026-04-03 21:15:00,2026-04-03 21:38:00,21,FRA-ZRH,D04,DELAYED,279,23,16-30,False,True,False
81,DE06110088,3,5,2,20260611,2026-06-11 12:40:00,2026-06-11 15:00:00,12,FRA-BER,B03,DELAYED,102,140,120+,False,True,False
82,DE01310089,3,5,12,20260131,2026-01-31 10:15:00,2026-01-31 10:19:00,10,FRA-VIE,D04,ON_TIME,302,4,ON_TIME,True,False,False
83,AF05220090,1,5,12,20260522,2026-05-22 10:10:00,2026-05-22 11:00:00,10,FRA-VIE,A12,DELAYED,124,50,31-60,False,True,False
84,AF03030093,1,5,4,20260303,2026-03-03 17:45:00,2026-03-03 17:41:00,17,FRA-DXB,C07,ON_TIME,250,0,ON_TIME,True,False,False
85,BA01100094,2,5,12,20260110,2026-01-10 10:20:00,2026-01-10 10:45:00,10,FRA-VIE,D04,DELAYED,106,25,16-30,False,True,False
86,DE04270095,3,5,13,20260427,2026-04-27 05:40:00,2026-04-27 05:46:00,5,FRA-ZRH,B16,ON_TIME,190,6,ON_TIME,True,False,False
87,UA01210096,8,5,7,20260121,2026-01-21 16:20:00,2026-01-21 16:23:00,16,FRA-JFK,E02,ON_TIME,304,3,ON_TIME,True,False,False
88,LH01180097,7,5,11,20260118,2026-01-18 12:50:00,2026-01-18 13:03:00,12,FRA-PMI,D04,ON_TIME,106,13,ON_TIME,True,False,False
89,BA03180098,2,5,4,20260318,2026-03-18 05:30:00,2026-03-18 06:48:00,5,FRA-DXB,C07,DELAYED,246,78,61-120,False,True,False
90,BA05160099,2,5,8,20260516,2026-05-16 19:25:00,2026-05-16 19:45:00,19,FRA-LHR,Z15,DELAYED,250,20,16-30,False,True,False
91,AF05300100,1,5,12,20260530,2026-05-30 09:45:00,2026-05-30 10:12:00,9,FRA-VIE,A05,DELAYED,185,27,16-30,False,True,False
92,IB06230101,5,5,3,20260623,2026-06-23 22:40:00,2026-06-24 00:01:00,22,FRA-CDG,B09,DELAYED,272,81,61-120,False,True,False
93,IB02200102,5,5,3,20260220,2026-02-20 18:15:00,2026-02-20 18:05:00,18,FRA-CDG,Z15,ON_TIME,238,0,ON_TIME,True,False,False
94,KL03170103,6,5,4,20260317,2026-03-17 06:10:00,2026-03-17 05:55:00,6,FRA-DXB,Z15,ON_TIME,80,0,ON_TIME,True,False,False
95,IB02280104,5,5,3,20260228,2026-02-28 16:45:00,2026-02-28 16:44:00,16,FRA-CDG,A12,ON_TIME,125,0,ON_TIME,True,False,False
96,LH04230105,7,5,3,20260423,2026-04-23 07:25:00,2026-04-23 08:15:00,7,FRA-CDG,A18,DELAYED,267,50,31-60,False,True,False
97,AF05190106,1,5,6,20260519,2026-05-19 17:20:00,2026-05-19 18:13:00,17,FRA-HAM,B09,DELAYED,139,53,31-60,False,True,False
98,IB03280107,5,5,3,20260328,2026-03-28 09:15:00,2026-03-28 10:09:00,9,FRA-CDG,E02,DELAYED,258,54,31-60,False,True,False
99,EK04120108,4,5,10,20260412,2026-04-12 05:50:00,2026-04-12 06:52:00,5,FRA-MUC,Z15,DELAYED,189,62,61-120,False,True,False
100,UA04060109,8,5,7,20260406,2026-04-06 08:45:00,2026-04-06 08:30:00,8,FRA-JFK,A12,ON_TIME,168,0,ON_TIME,True,False,False
101,IB03190110,5,5,4,20260319,2026-03-19 18:35:00,2026-03-19 18:20:00,18,FRA-DXB,D04,ON_TIME,210,0,ON_TIME,True,False,False
102,DE03020111,3,5,10,20260302,2026-03-02 22:40:00,2026-03-02 22:25:00,22,FRA-MUC,Z15,ON_TIME,269,0,ON_TIME,True,False,False
103,BA06170112,2,5,9,20260617,2026-06-17 09:15:00,2026-06-17 10:11:00,9,FRA-MAD,A05,DELAYED,198,56,31-60,False,True,False
104,EK04240113,4,5,8,20260424,2026-04-24 19:45:00,2026-04-24 20:29:00,19,FRA-LHR,A05,DELAYED,238,44,31-60,False,True,False
105,UA02180114,8,5,3,20260218,2026-02-18 09:15:00,2026-02-18 09:50:00,9,FRA-CDG,A05,DELAYED,65,35,31-60,False,True,False
106,EK02020115,4,5,8,20260202,2026-02-02 11:35:00,2026-02-02 11:20:00,11,FRA-LHR,B16,ON_TIME,174,0,ON_TIME,True,False,False
107,BA01010116,2,5,11,20260101,2026-01-01 13:40:00,2026-01-01 13:43:00,13,FRA-PMI,A12,ON_TIME,144,3,ON_TIME,True,False,False
108,LH01040117,7,5,6,20260104,2026-01-04 16:45:00,2026-01-04 17:18:00,16,FRA-HAM,E02,DELAYED,270,33,31-60,False,True,False
109,DE01170118,3,5,4,20260117,2026-01-17 21:15:00,2026-01-17 21:31:00,21,FRA-DXB,D04,DELAYED,110,16,16-30,False,True,False
110,AF01120119,1,5,11,20260112,2026-01-12 21:50:00,2026-01-12 22:12:00,21,FRA-PMI,C07,DELAYED,260,22,16-30,False,True,False
111,DE04240120,3,5,12,20260424,2026-04-24 07:35:00,2026-04-24 07:47:00,7,FRA-VIE,B09,ON_TIME,119,12,ON_TIME,True,False,False
112,EK06020121,4,5,9,20260602,2026-06-02 21:50:00,2026-06-02 21:55:00,21,FRA-MAD,C07,ON_TIME,165,5,ON_TIME,True,False,False
113,IB04160122,5,5,8,20260416,2026-04-16 16:15:00,2026-04-16 16:22:00,16,FRA-LHR,C07,ON_TIME,215,7,ON_TIME,True,False,False
114,EK03070123,4,5,7,20260307,2026-03-07 16:40:00,2026-03-07 16:44:00,16,FRA-JFK,A12,ON_TIME,276,4,ON_TIME,True,False,False
115,EK05230124,4,5,6,20260523,2026-05-23 07:25:00,2026-05-23 07:41:00,7,FRA-HAM,C07,DELAYED,117,16,16-30,False,True,False
116,EK04190125,4,5,7,20260419,2026-04-19 06:50:00,2026-04-19 06:45:00,6,FRA-JFK,B03,ON_TIME,301,0,ON_TIME,True,False,False
117,BA06180128,2,5,11,20260618,2026-06-18 17:35:00,2026-06-18 17:29:00,17,FRA-PMI,A12,ON_TIME,70,0,ON_TIME,True,False,False
118,AF04180129,1,5,9,20260418,2026-04-18 20:00:00,2026-04-18 20:06:00,20,FRA-MAD,A05,ON_TIME,98,6,ON_TIME,True,False,False
119,BA06080130,2,5,6,20260608,2026-06-08 06:35:00,2026-06-08 07:09:00,6,FRA-HAM,Z15,DELAYED,303,34,31-60,False,True,False
120,IB03110131,5,5,9,20260311,2026-03-11 12:20:00,2026-03-11 12:16:00,12,FRA-MAD,E02,ON_TIME,304,0,ON_TIME,True,False,False
121,KL02260132,6,5,2,20260226,2026-02-26 18:25:00,2026-02-26 18:47:00,18,FRA-BER,A18,DELAYED,163,22,16-30,False,True,False
122,KL03250133,6,5,3,20260325,2026-03-25 08:30:00,2026-03-25 08:33:00,8,FRA-CDG,E02,ON_TIME,172,3,ON_TIME,True,False,False
123,EK04120134,4,5,10,20260412,2026-04-12 07:10:00,,7,FRA-MUC,Z15,CANCELLED,10,0,CANCELLED,False,False,True
124,UA04140135,8,5,11,20260414,2026-04-14 18:50:00,2026-04-14 19:25:00,18,FRA-PMI,B16,DELAYED,290,35,31-60,False,True,False
125,EK03270137,4,5,8,20260327,2026-03-27 10:35:00,2026-03-27 11:11:00,10,FRA-LHR,B16,DELAYED,233,36,31-60,False,True,False
126,BA01270138,2,5,8,20260127,2026-01-27 09:50:00,2026-01-27 10:23:00,9,FRA-LHR,A18,DELAYED,93,33,31-60,False,True,False
127,IB05250139,5,5,12,20260525,2026-05-25 20:25:00,2026-05-25 21:00:00,20,FRA-VIE,A18,DELAYED,216,35,31-60,False,True,False
128,IB05010140,5,5,10,20260501,2026-05-01 19:50:00,2026-05-01 20:02:00,19,FRA-MUC,E02,ON_TIME,235,12,ON_TIME,True,False,False
129,DE04290141,3,5,3,20260429,2026-04-29 19:30:00,2026-04-29 19:49:00,19,FRA-CDG,Z15,DELAYED,101,19,16-30,False,True,False
130,IB02080143,5,5,13,20260208,2026-02-08 07:15:00,2026-02-08 07:47:00,7,FRA-ZRH,A18,DELAYED,313,32,31-60,False,True,False
131,LH04230144,7,5,8,20260423,2026-04-23 20:20:00,2026-04-23 20:21:00,20,FRA-LHR,B09,ON_TIME,245,1,ON_TIME,True,False,False
132,UA03280145,8,5,9,20260328,2026-03-28 07:00:00,2026-03-28 07:44:00,7,FRA-MAD,B16,DELAYED,131,44,31-60,False,True,False
133,UA04030148,8,5,13,20260403,2026-04-03 06:00:00,2026-04-03 05:45:00,6,FRA-ZRH,D04,ON_TIME,229,0,ON_TIME,True,False,False
134,AF02050149,1,5,8,20260205,2026-02-05 09:35:00,2026-02-05 09:56:00,9,FRA-LHR,A05,DELAYED,324,21,16-30,False,True,False
135,EK02030150,4,5,11,20260203,2026-02-03 17:40:00,2026-02-03 17:26:00,17,FRA-PMI,D04,ON_TIME,139,0,ON_TIME,True,False,False
136,LH04040151,7,5,9,20260404,2026-04-04 13:15:00,2026-04-04 13:30:00,13,FRA-MAD,B09,ON_TIME,177,15,ON_TIME,True,False,False
137,IB04050152,5,5,8,20260405,2026-04-05 20:15:00,2026-04-05 20:00:00,20,FRA-LHR,E02,ON_TIME,312,0,ON_TIME,True,False,False
138,KL02110154,6,5,10,20260211,2026-02-11 14:15:00,2026-02-11 14:32:00,14,FRA-MUC,A12,DELAYED,278,17,16-30,False,True,False
139,AF03310155,1,5,12,20260331,2026-03-31 06:10:00,2026-03-31 06:06:00,6,FRA-VIE,B03,ON_TIME,246,0,ON_TIME,True,False,False
140,LH01260156,7,5,1,20260126,2026-01-26 15:40:00,2026-01-26 15:54:00,15,FRA-AMS,A18,ON_TIME,296,14,ON_TIME,True,False,False
141,IB06070157,5,5,12,20260607,2026-06-07 05:35:00,,5,FRA-VIE,E02,CANCELLED,19,0,CANCELLED,False,False,True
142,UA03150158,8,5,10,20260315,2026-03-15 12:50:00,2026-03-15 13:17:00,12,FRA-MUC,A12,DELAYED,289,27,16-30,False,True,False
143,DE06020159,3,5,12,20260602,2026-06-02 22:30:00,2026-06-02 22:15:00,22,FRA-VIE,Z15,ON_TIME,55,0,ON_TIME,True,False,False
144,EK05270160,4,5,8,20260527,2026-05-27 18:40:00,2026-05-27 18:37:00,18,FRA-LHR,A12,ON_TIME,239,0,ON_TIME,True,False,False
145,LH05010161,7,5,9,20260501,2026-05-01 07:10:00,2026-05-01 07:24:00,7,FRA-MAD,B03,ON_TIME,231,14,ON_TIME,True,False,False
146,DE03270162,3,5,11,20260327,2026-03-27 09:30:00,2026-03-27 09:48:00,9,FRA-PMI,D04,DELAYED,144,18,16-30,False,True,False
147,IB02160163,5,5,7,20260216,2026-02-16 09:35:00,2026-02-16 09:55:00,9,FRA-JFK,A05,DELAYED,157,20,16-30,False,True,False
148,EK05120164,4,5,3,20260512,2026-05-12 18:20:00,2026-05-12 20:39:00,18,FRA-CDG,B09,DELAYED,152,139,120+,False,True,False
149,EK06170165,4,5,2,20260617,2026-06-17 15:50:00,2026-06-17 15:35:00,15,FRA-BER,B16,ON_TIME,252,0,ON_TIME,True,False,False
150,BA06270166,2,5,12,20260627,2026-06-27 21:00:00,2026-06-27 21:51:00,21,FRA-VIE,C07,DELAYED,97,51,31-60,False,True,False
151,DE06040167,3,5,9,20260604,2026-06-04 11:20:00,2026-06-04 11:51:00,11,FRA-MAD,Z15,DELAYED,283,31,31-60,False,True,False
152,UA06260168,8,5,6,20260626,2026-06-26 20:00:00,2026-06-26 20:27:00,20,FRA-HAM,Z15,DELAYED,235,27,16-30,False,True,False
153,UA06130169,8,5,3,20260613,2026-06-13 06:35:00,2026-06-13 06:25:00,6,FRA-CDG,A05,ON_TIME,136,0,ON_TIME,True,False,False
154,UA01090171,8,5,11,20260109,2026-01-09 10:15:00,2026-01-09 10:01:00,10,FRA-PMI,B16,ON_TIME,326,0,ON_TIME,True,False,False
155,UA06160172,8,5,1,20260616,2026-06-16 13:45:00,2026-06-16 15:36:00,13,FRA-AMS,E02,DELAYED,310,111,61-120,False,True,False
156,UA01310173,8,5,13,20260131,2026-01-31 13:50:00,2026-01-31 14:11:00,13,FRA-ZRH,B03,DELAYED,306,21,16-30,False,True,False
157,DE01190174,3,5,6,20260119,2026-01-19 19:40:00,2026-01-19 20:26:00,19,FRA-HAM,B16,DELAYED,99,46,31-60,False,True,False
158,EK01170175,4,5,4,20260117,2026-01-17 23:20:00,2026-01-17 23:30:00,23,FRA-DXB,B16,ON_TIME,144,10,ON_TIME,True,False,False
159,AF02210176,1,5,10,20260221,2026-02-21 09:45:00,2026-02-21 12:07:00,9,FRA-MUC,D04,DELAYED,243,142,120+,False,True,False
160,BA01230177,2,5,11,20260123,2026-01-23 07:50:00,2026-01-23 07:58:00,7,FRA-PMI,Z15,ON_TIME,264,8,ON_TIME,True,False,False
161,DE03230178,3,5,6,20260323,2026-03-23 08:15:00,2026-03-23 08:02:00,8,FRA-HAM,E02,ON_TIME,120,0,ON_TIME,True,False,False
162,BA04210179,2,5,6,20260421,2026-04-21 21:30:00,2026-04-21 21:24:00,21,FRA-HAM,B16,ON_TIME,170,0,ON_TIME,True,False,False
163,KL03060180,6,5,10,20260306,2026-03-06 12:20:00,2026-03-06 12:32:00,12,FRA-MUC,A12,ON_TIME,328,12,ON_TIME,True,False,False
164,BA05290181,2,5,11,20260529,2026-05-29 09:40:00,2026-05-29 09:48:00,9,FRA-PMI,A05,ON_TIME,76,8,ON_TIME,True,False,False
165,DE06140182,3,5,2,20260614,2026-06-14 13:45:00,2026-06-14 13:30:00,13,FRA-BER,D04,ON_TIME,70,0,ON_TIME,True,False,False
166,KL03190183,6,5,7,20260319,2026-03-19 20:45:00,2026-03-19 21:43:00,20,FRA-JFK,D04,DELAYED,135,58,31-60,False,True,False
167,UA04290184,8,5,12,20260429,2026-04-29 12:00:00,2026-04-29 11:55:00,12,FRA-VIE,B16,ON_TIME,218,0,ON_TIME,True,False,False
168,UA04050185,8,5,6,20260405,2026-04-05 22:20:00,2026-04-05 22:35:00,22,FRA-HAM,A12,ON_TIME,127,15,ON_TIME,True,False,False
169,LH04090186,7,5,3,20260409,2026-04-09 18:45:00,2026-04-09 19:11:00,18,FRA-CDG,Z15,DELAYED,222,26,16-30,False,True,False
170,EK02100187,4,5,8,20260210,2026-02-10 21:20:00,2026-02-10 21:54:00,21,FRA-LHR,E02,DELAYED,256,34,31-60,False,True,False
171,LH04210189,7,5,10,20260421,2026-04-21 09:50:00,2026-04-21 10:06:00,9,FRA-MUC,B16,DELAYED,154,16,16-30,False,True,False
172,KL04090190,6,5,10,20260409,2026-04-09 22:15:00,2026-04-09 22:06:00,22,FRA-MUC,A18,ON_TIME,115,0,ON_TIME,True,False,False
173,DE04060191,3,5,9,20260406,2026-04-06 16:20:00,2026-04-06 16:34:00,16,FRA-MAD,A05,ON_TIME,311,14,ON_TIME,True,False,False
174,LH02050192,7,5,2,20260205,2026-02-05 16:15:00,2026-02-05 16:13:00,16,FRA-BER,A18,ON_TIME,318,0,ON_TIME,True,False,False
175,EK03230193,4,5,11,20260323,2026-03-23 11:10:00,2026-03-23 11:23:00,11,FRA-PMI,E02,ON_TIME,315,13,ON_TIME,True,False,False
176,IB05250194,5,5,4,20260525,2026-05-25 15:15:00,2026-05-25 15:09:00,15,FRA-DXB,C07,ON_TIME,111,0,ON_TIME,True,False,False
177,KL06260195,6,5,4,20260626,2026-06-26 06:25:00,2026-06-26 07:20:00,6,FRA-DXB,A05,DELAYED,171,55,31-60,False,True,False
178,IB05150196,5,5,6,20260515,2026-05-15 17:40:00,2026-05-15 17:45:00,17,FRA-HAM,B03,ON_TIME,111,5,ON_TIME,True,False,False
179,LH03220197,7,5,12,20260322,2026-03-22 18:40:00,2026-03-22 19:02:00,18,FRA-VIE,A05,DELAYED,296,22,16-30,False,True,False
180,BA02230198,2,5,13,20260223,2026-02-23 23:00:00,2026-02-23 23:41:00,23,FRA-ZRH,B16,DELAYED,247,41,31-60,False,True,False
181,BA05170199,2,5,12,20260517,2026-05-17 16:20:00,2026-05-17 16:39:00,16,FRA-VIE,Z15,DELAYED,190,19,16-30,False,True,False
182,IB03050200,5,5,8,20260305,2026-03-05 14:20:00,2026-03-05 14:05:00,14,FRA-LHR,B09,ON_TIME,207,0,ON_TIME,True,False,False
183,AF05060201,1,5,4,20260506,2026-05-06 16:15:00,2026-05-06 17:08:00,16,FRA-DXB,Z15,DELAYED,117,53,31-60,False,True,False
184,UA03300202,8,5,9,20260330,2026-03-30 09:50:00,,9,FRA-MAD,B16,CANCELLED,2,0,CANCELLED,False,False,True
185,IB03070203,5,5,7,20260307,2026-03-07 20:45:00,2026-03-07 20:30:00,20,FRA-JFK,A12,ON_TIME,125,0,ON_TIME,True,False,False
186,AF01130204,1,5,8,20260113,2026-01-13 21:45:00,2026-01-13 23:23:00,21,FRA-LHR,D04,DELAYED,224,98,61-120,False,True,False
187,DE02050205,3,5,7,20260205,2026-02-05 06:20:00,2026-02-05 06:53:00,6,FRA-JFK,D04,DELAYED,298,33,31-60,False,True,False
188,AF03240206,1,5,3,20260324,2026-03-24 14:30:00,2026-03-24 15:13:00,14,FRA-CDG,E02,DELAYED,173,43,31-60,False,True,False
189,LH04170207,7,5,6,20260417,2026-04-17 10:30:00,2026-04-17 10:22:00,10,FRA-HAM,A05,ON_TIME,203,0,ON_TIME,True,False,False
190,LH05260208,7,5,3,20260526,2026-05-26 09:00:00,2026-05-26 09:31:00,9,FRA-CDG,D04,DELAYED,323,31,31-60,False,True,False
191,BA04300209,2,5,13,20260430,2026-04-30 13:45:00,2026-04-30 13:40:00,13,FRA-ZRH,A05,ON_TIME,150,0,ON_TIME,True,False,False
192,EK05260210,4,5,3,20260526,2026-05-26 11:40:00,2026-05-26 12:28:00,11,FRA-CDG,C07,DELAYED,262,48,31-60,False,True,False
193,EK04130211,4,5,10,20260413,2026-04-13 08:40:00,2026-04-13 09:59:00,8,FRA-MUC,D04,DELAYED,175,79,61-120,False,True,False
194,KL03190212,6,5,1,20260319,2026-03-19 05:50:00,2026-03-19 06:12:00,5,FRA-AMS,A12,DELAYED,86,22,16-30,False,True,False
195,IB02100213,5,5,3,20260210,2026-02-10 18:20:00,2026-02-10 19:05:00,18,FRA-CDG,B16,DELAYED,206,45,31-60,False,True,False
196,AF02040214,1,5,8,20260204,2026-02-04 20:40:00,2026-02-04 20:27:00,20,FRA-LHR,C07,ON_TIME,246,0,ON_TIME,True,False,False
197,IB06200215,5,5,13,20260620,2026-06-20 11:45:00,2026-06-20 11:30:00,11,FRA-ZRH,B16,ON_TIME,325,0,ON_TIME,True,False,False
198,DE01290216,3,5,11,20260129,2026-01-29 07:20:00,2026-01-29 07:10:00,7,FRA-PMI,A18,ON_TIME,329,0,ON_TIME,True,False,False
199,BA05140217,2,5,1,20260514,2026-05-14 19:35:00,2026-05-14 19:43:00,19,FRA-AMS,A05,ON_TIME,283,8,ON_TIME,True,False,False
200,IB05120218,5,5,6,20260512,2026-05-12 19:15:00,2026-05-12 19:02:00,19,FRA-HAM,A05,ON_TIME,212,0,ON_TIME,True,False,False
201,UA01010219,8,5,3,20260101,2026-01-01 12:25:00,2026-01-01 12:10:00,12,FRA-CDG,A12,ON_TIME,85,0,ON_TIME,True,False,False
202,IB03150220,5,5,2,20260315,2026-03-15 18:40:00,2026-03-15 19:11:00,18,FRA-BER,B16,DELAYED,270,31,31-60,False,True,False
203,BA04110222,2,5,13,20260411,2026-04-11 21:40:00,2026-04-11 21:29:00,21,FRA-ZRH,A05,ON_TIME,56,0,ON_TIME,True,False,False
204,KL06220223,6,5,12,20260622,2026-06-22 23:10:00,2026-06-22 23:32:00,23,FRA-VIE,B03,DELAYED,196,22,16-30,False,True,False
205,DE06190224,3,5,2,20260619,2026-06-19 19:25:00,2026-06-19 19:23:00,19,FRA-BER,B03,ON_TIME,63,0,ON_TIME,True,False,False
206,AF01260225,1,5,10,20260126,2026-01-26 07:15:00,2026-01-26 07:27:00,7,FRA-MUC,D04,ON_TIME,260,12,ON_TIME,True,False,False
207,AF02250226,1,5,13,20260225,2026-02-25 06:40:00,2026-02-25 06:47:00,6,FRA-ZRH,Z15,ON_TIME,218,7,ON_TIME,True,False,False
208,EK03190227,4,5,8,20260319,2026-03-19 10:20:00,2026-03-19 10:31:00,10,FRA-LHR,C07,ON_TIME,144,11,ON_TIME,True,False,False
209,IB03300228,5,5,2,20260330,2026-03-30 18:20:00,2026-03-30 18:42:00,18,FRA-BER,B09,DELAYED,131,22,16-30,False,True,False
210,UA05180229,8,5,6,20260518,2026-05-18 20:45:00,2026-05-18 20:47:00,20,FRA-HAM,E02,ON_TIME,84,2,ON_TIME,True,False,False
211,UA05230230,8,5,9,20260523,2026-05-23 21:40:00,2026-05-23 22:30:00,21,FRA-MAD,A12,DELAYED,224,50,31-60,False,True,False
212,IB01240231,5,5,1,20260124,2026-01-24 22:45:00,2026-01-24 23:30:00,22,FRA-AMS,Z15,DELAYED,151,45,31-60,False,True,False
213,AF02230232,1,5,12,20260223,2026-02-23 15:50:00,2026-02-23 17:36:00,15,FRA-VIE,D04,DELAYED,115,106,61-120,False,True,False
214,AF06040233,1,5,4,20260604,2026-06-04 12:10:00,2026-06-04 11:55:00,12,FRA-DXB,B16,ON_TIME,328,0,ON_TIME,True,False,False
215,KL04030234,6,5,3,20260403,2026-04-03 22:15:00,2026-04-03 22:16:00,22,FRA-CDG,B16,ON_TIME,295,1,ON_TIME,True,False,False
216,AF03220235,1,5,1,20260322,2026-03-22 18:30:00,2026-03-22 18:46:00,18,FRA-AMS,B09,DELAYED,268,16,16-30,False,True,False
217,BA03260236,2,5,8,20260326,2026-03-26 13:10:00,2026-03-26 13:37:00,13,FRA-LHR,B09,DELAYED,227,27,16-30,False,True,False
218,IB06140237,5,5,4,20260614,2026-06-14 21:15:00,2026-06-14 21:33:00,21,FRA-DXB,A18,DELAYED,305,18,16-30,False,True,False
219,LH01090238,7,5,13,20260109,2026-01-09 07:30:00,2026-01-09 07:30:00,7,FRA-ZRH,A12,ON_TIME,173,0,ON_TIME,True,False,False
220,LH05170240,7,5,2,20260517,2026-05-17 23:10:00,,23,FRA-BER,E02,CANCELLED,8,0,CANCELLED,False,False,True
221,KL05090241,6,5,2,20260509,2026-05-09 18:40:00,2026-05-09 19:05:00,18,FRA-BER,B09,DELAYED,324,25,16-30,False,True,False
222,EK04120242,4,5,3,20260412,2026-04-12 08:00:00,2026-04-12 08:22:00,8,FRA-CDG,B03,DELAYED,179,22,16-30,False,True,False
223,KL01210243,6,5,7,20260121,2026-01-21 06:35:00,2026-01-21 06:29:00,6,FRA-JFK,A12,ON_TIME,142,0,ON_TIME,True,False,False
224,IB06150244,5,5,9,20260615,2026-06-15 16:25:00,2026-06-15 16:58:00,16,FRA-MAD,A05,DELAYED,325,33,31-60,False,True,False
225,AF06270245,1,5,8,20260627,2026-06-27 20:50:00,2026-06-27 21:53:00,20,FRA-LHR,A18,DELAYED,71,63,61-120,False,True,False
226,EK02230246,4,5,2,20260223,2026-02-23 10:10:00,2026-02-23 10:49:00,10,FRA-BER,Z15,DELAYED,178,39,31-60,False,True,False
227,UA05190247,8,5,7,20260519,2026-05-19 16:10:00,2026-05-19 17:10:00,16,FRA-JFK,B16,DELAYED,311,60,31-60,False,True,False
228,LH04220248,7,5,10,20260422,2026-04-22 12:35:00,2026-04-22 13:44:00,12,FRA-MUC,B16,DELAYED,258,69,61-120,False,True,False
229,LH03110249,7,5,7,20260311,2026-03-11 20:15:00,2026-03-11 20:07:00,20,FRA-JFK,A12,ON_TIME,249,0,ON_TIME,True,False,False
230,KL01190250,6,5,8,20260119,2026-01-19 07:50:00,2026-01-19 07:56:00,7,FRA-LHR,C07,ON_TIME,133,6,ON_TIME,True,False,False
231,EK01280251,4,5,1,20260128,2026-01-28 07:30:00,2026-01-28 07:15:00,7,FRA-AMS,A18,ON_TIME,99,0,ON_TIME,True,False,False
232,UA05230252,8,5,12,20260523,2026-05-23 23:20:00,2026-05-24 01:18:00,23,FRA-VIE,Z15,DELAYED,102,118,61-120,False,True,False
233,EK01040253,4,5,9,20260104,2026-01-04 15:10:00,2026-01-04 16:08:00,15,FRA-MAD,Z15,DELAYED,179,58,31-60,False,True,False
234,BA04080254,2,5,7,20260408,2026-04-08 10:40:00,2026-04-08 11:20:00,10,FRA-JFK,A12,DELAYED,129,40,31-60,False,True,False
235,BA03120255,2,5,9,20260312,2026-03-12 18:50:00,2026-03-12 19:20:00,18,FRA-MAD,Z15,DELAYED,308,30,16-30,False,True,False
236,AF01280256,1,5,12,20260128,2026-01-28 09:50:00,,9,FRA-VIE,C07,CANCELLED,19,0,CANCELLED,False,False,True
237,EK03270257,4,5,12,20260327,2026-03-27 19:25:00,2026-03-27 19:14:00,19,FRA-VIE,A18,ON_TIME,215,0,ON_TIME,True,False,False
238,UA03160258,8,5,1,20260316,2026-03-16 21:25:00,2026-03-16 22:32:00,21,FRA-AMS,C07,DELAYED,198,67,61-120,False,True,False
239,EK05250259,4,5,10,20260525,2026-05-25 12:25:00,2026-05-25 15:14:00,12,FRA-MUC,B03,DELAYED,291,169,120+,False,True,False
240,IB06270260,5,5,3,20260627,2026-06-27 08:10:00,2026-06-27 09:01:00,8,FRA-CDG,B03,DELAYED,210,51,31-60,False,True,False
241,KL02090261,6,5,7,20260209,2026-02-09 19:10:00,2026-02-09 19:51:00,19,FRA-JFK,C07,DELAYED,314,41,31-60,False,True,False
242,LH06290262,7,5,1,20260629,2026-06-29 23:25:00,2026-06-29 23:37:00,23,FRA-AMS,B16,ON_TIME,182,12,ON_TIME,True,False,False
243,BA06060263,2,5,7,20260606,2026-06-06 07:25:00,2026-06-06 07:28:00,7,FRA-JFK,A12,ON_TIME,275,3,ON_TIME,True,False,False
244,LH03080264,7,5,10,20260308,2026-03-08 13:20:00,2026-03-08 13:12:00,13,FRA-MUC,D04,ON_TIME,168,0,ON_TIME,True,False,False
245,EK04290265,4,5,9,20260429,2026-04-29 21:40:00,2026-04-29 22:05:00,21,FRA-MAD,A12,DELAYED,98,25,16-30,False,True,False
246,BA03210266,2,5,1,20260321,2026-03-21 16:15:00,2026-03-21 16:31:00,16,FRA-AMS,D04,DELAYED,233,16,16-30,False,True,False
247,DE06280267,3,5,12,20260628,2026-06-28 20:00:00,2026-06-28 22:18:00,20,FRA-VIE,A18,DELAYED,110,138,120+,False,True,False
248,AF02140268,1,5,13,20260214,2026-02-14 22:40:00,2026-02-14 23:04:00,22,FRA-ZRH,B03,DELAYED,291,24,16-30,False,True,False
249,UA02170269,8,5,7,20260217,2026-02-17 11:10:00,2026-02-17 11:20:00,11,FRA-JFK,C07,ON_TIME,274,10,ON_TIME,True,False,False
250,LH02240270,7,5,4,20260224,2026-02-24 11:50:00,2026-02-24 11:35:00,11,FRA-DXB,Z15,ON_TIME,87,0,ON_TIME,True,False,False
251,DE02170271,3,5,13,20260217,2026-02-17 17:00:00,2026-02-17 17:41:00,17,FRA-ZRH,Z15,DELAYED,215,41,31-60,False,True,False
252,UA04110272,8,5,11,20260411,2026-04-11 09:00:00,2026-04-11 09:37:00,9,FRA-PMI,B09,DELAYED,143,37,31-60,False,True,False
253,DE02040273,3,5,7,20260204,2026-02-04 15:35:00,2026-02-04 16:06:00,15,FRA-JFK,C07,DELAYED,253,31,31-60,False,True,False
254,BA04090274,2,5,11,20260409,2026-04-09 18:40:00,2026-04-09 19:10:00,18,FRA-PMI,E02,DELAYED,143,30,16-30,False,True,False
255,BA03150275,2,5,12,20260315,2026-03-15 09:40:00,2026-03-15 09:46:00,9,FRA-VIE,D04,ON_TIME,59,6,ON_TIME,True,False,False
256,BA04090276,2,5,8,20260409,2026-04-09 23:20:00,2026-04-09 23:36:00,23,FRA-LHR,C07,DELAYED,306,16,16-30,False,True,False
257,IB02120277,5,5,12,20260212,2026-02-12 08:25:00,,8,FRA-VIE,B09,CANCELLED,17,0,CANCELLED,False,False,True
258,BA05250278,2,5,12,20260525,2026-05-25 21:20:00,2026-05-25 21:14:00,21,FRA-VIE,E02,ON_TIME,192,0,ON_TIME,True,False,False
259,EK01110279,4,5,13,20260111,2026-01-11 20:20:00,2026-01-11 20:05:00,20,FRA-ZRH,B09,ON_TIME,181,0,ON_TIME,True,False,False
260,LH03090280,7,5,12,20260309,2026-03-09 16:35:00,2026-03-09 17:07:00,16,FRA-VIE,B03,DELAYED,176,32,31-60,False,True,False
261,EK06060281,4,5,4,20260606,2026-06-06 18:40:00,2026-06-06 19:04:00,18,FRA-DXB,E02,DELAYED,234,24,16-30,False,True,False
262,KL05180282,6,5,11,20260518,2026-05-18 11:00:00,2026-05-18 10:45:00,11,FRA-PMI,E02,ON_TIME,191,0,ON_TIME,True,False,False
263,DE04160283,3,5,6,20260416,2026-04-16 06:50:00,2026-04-16 07:38:00,6,FRA-HAM,B03,DELAYED,219,48,31-60,False,True,False
264,UA02060284,8,5,12,20260206,2026-02-06 14:10:00,2026-02-06 17:24:00,14,FRA-VIE,C07,DELAYED,102,194,120+,False,True,False
265,DE04120286,3,5,13,20260412,2026-04-12 12:10:00,2026-04-12 12:25:00,12,FRA-ZRH,B09,ON_TIME,220,15,ON_TIME,True,False,False
266,EK05280287,4,5,13,20260528,2026-05-28 10:25:00,2026-05-28 10:51:00,10,FRA-ZRH,A12,DELAYED,78,26,16-30,False,True,False
267,IB02010288,5,5,2,20260201,2026-02-01 11:15:00,2026-02-01 11:00:00,11,FRA-BER,B03,ON_TIME,274,0,ON_TIME,True,False,False
268,BA03190289,2,5,7,20260319,2026-03-19 10:50:00,2026-03-19 10:58:00,10,FRA-JFK,A05,ON_TIME,139,8,ON_TIME,True,False,False
269,UA03200290,8,5,7,20260320,2026-03-20 13:10:00,2026-03-20 13:32:00,13,FRA-JFK,B03,DELAYED,55,22,16-30,False,True,False
270,IB02280292,5,5,10,20260228,2026-02-28 17:35:00,2026-02-28 17:51:00,17,FRA-MUC,B16,DELAYED,215,16,16-30,False,True,False
271,KL04080293,6,5,6,20260408,2026-04-08 09:40:00,2026-04-08 09:25:00,9,FRA-HAM,B03,ON_TIME,234,0,ON_TIME,True,False,False
272,BA06070294,2,5,9,20260607,2026-06-07 19:45:00,2026-06-07 19:46:00,19,FRA-MAD,Z15,ON_TIME,118,1,ON_TIME,True,False,False
273,UA04200295,8,5,1,20260420,2026-04-20 15:40:00,2026-04-20 15:43:00,15,FRA-AMS,A05,ON_TIME,200,3,ON_TIME,True,False,False
274,KL05130296,6,5,8,20260513,2026-05-13 21:45:00,2026-05-13 21:45:00,21,FRA-LHR,B03,ON_TIME,82,0,ON_TIME,True,False,False
275,IB01290297,5,5,9,20260129,2026-01-29 13:15:00,2026-01-29 15:45:00,13,FRA-MAD,A18,DELAYED,217,150,120+,False,True,False
276,UA04180298,8,5,11,20260418,2026-04-18 17:20:00,2026-04-18 17:56:00,17,FRA-PMI,A05,DELAYED,92,36,31-60,False,True,False
277,DE03090299,3,5,2,20260309,2026-03-09 11:30:00,2026-03-09 12:07:00,11,FRA-BER,C07,DELAYED,311,37,31-60,False,True,False
278,UA04130300,8,5,4,20260413,2026-04-13 08:20:00,2026-04-13 08:26:00,8,FRA-DXB,B09,ON_TIME,97,6,ON_TIME,True,False,False
279,DE02220301,3,5,13,20260222,2026-02-22 10:20:00,2026-02-22 10:05:00,10,FRA-ZRH,B09,ON_TIME,88,0,ON_TIME,True,False,False
280,LH06200303,7,5,3,20260620,2026-06-20 10:35:00,,10,FRA-CDG,E02,CANCELLED,11,0,CANCELLED,False,False,True
281,KL04060304,6,5,6,20260406,2026-04-06 09:50:00,2026-04-06 10:07:00,9,FRA-HAM,B16,DELAYED,70,17,16-30,False,True,False
282,UA05150305,8,5,3,20260515,2026-05-15 07:50:00,2026-05-15 07:55:00,7,FRA-CDG,A05,ON_TIME,239,5,ON_TIME,True,False,False
283,IB02120306,5,5,11,20260212,2026-02-12 16:40:00,2026-02-12 16:50:00,16,FRA-PMI,B03,ON_TIME,114,10,ON_TIME,True,False,False
284,LH01040307,7,5,2,20260104,2026-01-04 12:30:00,2026-01-04 12:34:00,12,FRA-BER,E02,ON_TIME,73,4,ON_TIME,True,False,False
285,UA03240308,8,5,8,20260324,2026-03-24 13:10:00,2026-03-24 13:33:00,13,FRA-LHR,Z15,DELAYED,94,23,16-30,False,True,False
286,EK05090309,4,5,10,20260509,2026-05-09 06:40:00,2026-05-09 06:47:00,6,FRA-MUC,B09,ON_TIME,293,7,ON_TIME,True,False,False
287,KL01230310,6,5,1,20260123,2026-01-23 23:15:00,,23,FRA-AMS,B09,CANCELLED,18,0,CANCELLED,False,False,True
288,AF03300312,1,5,13,20260330,2026-03-30 06:00:00,,6,FRA-ZRH,B09,CANCELLED,23,0,CANCELLED,False,False,True
289,AF04160314,1,5,13,20260416,2026-04-16 17:15:00,2026-04-16 17:59:00,17,FRA-ZRH,E02,DELAYED,103,44,31-60,False,True,False
290,BA04110315,2,5,7,20260411,2026-04-11 08:25:00,2026-04-11 08:10:00,8,FRA-JFK,B16,ON_TIME,188,0,ON_TIME,True,False,False
291,UA03250316,8,5,4,20260325,2026-03-25 16:15:00,2026-03-25 18:04:00,16,FRA-DXB,Z15,DELAYED,124,109,61-120,False,True,False
292,EK01240319,4,5,6,20260124,2026-01-24 13:00:00,2026-01-24 13:33:00,13,FRA-HAM,A05,DELAYED,144,33,31-60,False,True,False
293,UA05230320,8,5,12,20260523,2026-05-23 22:45:00,2026-05-23 23:05:00,22,FRA-VIE,A12,DELAYED,126,20,16-30,False,True,False
294,LH02260321,7,5,2,20260226,2026-02-26 09:45:00,2026-02-26 09:35:00,9,FRA-BER,A12,ON_TIME,187,0,ON_TIME,True,False,False
295,LH02200322,7,5,10,20260220,2026-02-20 19:40:00,2026-02-20 20:18:00,19,FRA-MUC,A12,DELAYED,224,38,31-60,False,True,False
296,LH01130323,7,5,12,20260113,2026-01-13 11:25:00,2026-01-13 11:35:00,11,FRA-VIE,A18,ON_TIME,273,10,ON_TIME,True,False,False
297,EK02170324,4,5,8,20260217,2026-02-17 13:50:00,2026-02-17 13:36:00,13,FRA-LHR,B09,ON_TIME,180,0,ON_TIME,True,False,False
298,IB05210325,5,5,9,20260521,2026-05-21 20:30:00,2026-05-21 20:25:00,20,FRA-MAD,B03,ON_TIME,324,0,ON_TIME,True,False,False
299,LH04020326,7,5,9,20260402,2026-04-02 21:20:00,2026-04-02 21:51:00,21,FRA-MAD,B16,DELAYED,312,31,31-60,False,True,False
300,UA02160327,8,5,3,20260216,2026-02-16 06:00:00,2026-02-16 06:57:00,6,FRA-CDG,E02,DELAYED,296,57,31-60,False,True,False
301,EK03010328,4,5,11,20260301,2026-03-01 10:35:00,2026-03-01 10:57:00,10,FRA-PMI,A05,DELAYED,328,22,16-30,False,True,False
302,AF04100329,1,5,11,20260410,2026-04-10 16:40:00,2026-04-10 16:25:00,16,FRA-PMI,B16,ON_TIME,69,0,ON_TIME,True,False,False
303,BA02180330,2,5,11,20260218,2026-02-18 21:20:00,2026-02-18 21:10:00,21,FRA-PMI,A05,ON_TIME,101,0,ON_TIME,True,False,False
304,AF02260331,1,5,11,20260226,2026-02-26 06:20:00,2026-02-26 06:18:00,6,FRA-PMI,A18,ON_TIME,229,0,ON_TIME,True,False,False
305,EK01060332,4,5,2,20260106,2026-01-06 10:25:00,2026-01-06 11:08:00,10,FRA-BER,E02,DELAYED,111,43,31-60,False,True,False
306,EK04060333,4,5,10,20260406,2026-04-06 18:25:00,2026-04-06 18:35:00,18,FRA-MUC,D04,ON_TIME,278,10,ON_TIME,True,False,False
307,KL02150335,6,5,6,20260215,2026-02-15 06:25:00,2026-02-15 09:43:00,6,FRA-HAM,Z15,DELAYED,217,198,120+,False,True,False
308,AF05250336,1,5,7,20260525,2026-05-25 09:15:00,2026-05-25 09:27:00,9,FRA-JFK,B16,ON_TIME,176,12,ON_TIME,True,False,False
309,EK06120337,4,5,6,20260612,2026-06-12 08:00:00,2026-06-12 09:29:00,8,FRA-HAM,A05,DELAYED,110,89,61-120,False,True,False
310,LH04230338,7,5,9,20260423,2026-04-23 18:40:00,2026-04-23 19:12:00,18,FRA-MAD,B16,DELAYED,248,32,31-60,False,True,False
311,UA05030339,8,5,10,20260503,2026-05-03 12:40:00,2026-05-03 14:14:00,12,FRA-MUC,A12,DELAYED,108,94,61-120,False,True,False
312,EK04070340,4,5,6,20260407,2026-04-07 10:35:00,2026-04-07 10:43:00,10,FRA-HAM,B16,ON_TIME,102,8,ON_TIME,True,False,False
313,IB01080341,5,5,4,20260108,2026-01-08 18:40:00,2026-01-08 18:47:00,18,FRA-DXB,C07,ON_TIME,152,7,ON_TIME,True,False,False
314,KL03140342,6,5,7,20260314,2026-03-14 14:45:00,2026-03-14 15:02:00,14,FRA-JFK,A18,DELAYED,306,17,16-30,False,True,False
315,LH01010343,7,5,1,20260101,2026-01-01 18:35:00,2026-01-01 18:32:00,18,FRA-AMS,B03,ON_TIME,68,0,ON_TIME,True,False,False
316,BA03160344,2,5,7,20260316,2026-03-16 08:15:00,2026-03-16 08:01:00,8,FRA-JFK,D04,ON_TIME,258,0,ON_TIME,True,False,False
317,IB03090345,5,5,7,20260309,2026-03-09 08:20:00,2026-03-09 08:18:00,8,FRA-JFK,B09,ON_TIME,77,0,ON_TIME,True,False,False
318,EK04160347,4,5,13,20260416,2026-04-16 13:20:00,2026-04-16 13:12:00,13,FRA-ZRH,Z15,ON_TIME,298,0,ON_TIME,True,False,False
319,BA04250349,2,5,10,20260425,2026-04-25 10:40:00,2026-04-25 10:58:00,10,FRA-MUC,B03,DELAYED,277,18,16-30,False,True,False
320,BA03080350,2,5,11,20260308,2026-03-08 15:35:00,2026-03-08 15:37:00,15,FRA-PMI,B09,ON_TIME,221,2,ON_TIME,True,False,False
321,IB06290351,5,5,2,20260629,2026-06-29 22:10:00,2026-06-29 22:42:00,22,FRA-BER,A12,DELAYED,106,32,31-60,False,True,False
322,DE05180352,3,5,3,20260518,2026-05-18 17:10:00,2026-05-18 17:49:00,17,FRA-CDG,A05,DELAYED,297,39,31-60,False,True,False
323,BA04140353,2,5,3,20260414,2026-04-14 10:25:00,2026-04-14 10:37:00,10,FRA-CDG,B03,ON_TIME,224,12,ON_TIME,True,False,False
324,LH05020354,7,5,4,20260502,2026-05-02 14:00:00,,14,FRA-DXB,B09,CANCELLED,9,0,CANCELLED,False,False,True
325,KL06280355,6,5,12,20260628,2026-06-28 08:45:00,2026-06-28 09:25:00,8,FRA-VIE,C07,DELAYED,192,40,31-60,False,True,False
326,DE04240356,3,5,8,20260424,2026-04-24 12:10:00,2026-04-24 12:20:00,12,FRA-LHR,A05,ON_TIME,246,10,ON_TIME,True,False,False
327,BA03210357,2,5,10,20260321,2026-03-21 22:10:00,2026-03-22 00:02:00,22,FRA-MUC,A05,DELAYED,157,112,61-120,False,True,False
328,UA02010359,8,5,7,20260201,2026-02-01 05:45:00,2026-02-01 05:47:00,5,FRA-JFK,B16,ON_TIME,234,2,ON_TIME,True,False,False
329,BA06260360,2,5,3,20260626,2026-06-26 07:50:00,,7,FRA-CDG,B03,CANCELLED,24,0,CANCELLED,False,False,True
330,AF02270361,1,5,7,20260227,2026-02-27 11:50:00,2026-02-27 11:35:00,11,FRA-JFK,D04,ON_TIME,59,0,ON_TIME,True,False,False
331,BA02140362,2,5,7,20260214,2026-02-14 05:45:00,2026-02-14 05:55:00,5,FRA-JFK,B09,ON_TIME,211,10,ON_TIME,True,False,False
332,UA03310363,8,5,9,20260331,2026-03-31 19:50:00,2026-03-31 19:55:00,19,FRA-MAD,A05,ON_TIME,107,5,ON_TIME,True,False,False
333,EK06150364,4,5,13,20260615,2026-06-15 14:50:00,2026-06-15 15:32:00,14,FRA-ZRH,B09,DELAYED,227,42,31-60,False,True,False
334,EK03080365,4,5,3,20260308,2026-03-08 14:45:00,2026-03-08 15:04:00,14,FRA-CDG,B16,DELAYED,261,19,16-30,False,True,False
335,BA01070366,2,5,4,20260107,2026-01-07 20:50:00,2026-01-07 20:35:00,20,FRA-DXB,A05,ON_TIME,253,0,ON_TIME,True,False,False
336,AF02260367,1,5,1,20260226,2026-02-26 23:15:00,2026-02-26 23:16:00,23,FRA-AMS,B09,ON_TIME,147,1,ON_TIME,True,False,False
337,DE02020368,3,5,12,20260202,2026-02-02 14:20:00,2026-02-02 14:09:00,14,FRA-VIE,A12,ON_TIME,226,0,ON_TIME,True,False,False
338,AF02270369,1,5,1,20260227,2026-02-27 15:10:00,2026-02-27 15:15:00,15,FRA-AMS,D04,ON_TIME,115,5,ON_TIME,True,False,False
339,LH05300370,7,5,7,20260530,2026-05-30 08:15:00,2026-05-30 08:45:00,8,FRA-JFK,E02,DELAYED,250,30,16-30,False,True,False
340,KL01140371,6,5,9,20260114,2026-01-14 09:40:00,2026-01-14 09:25:00,9,FRA-MAD,A18,ON_TIME,289,0,ON_TIME,True,False,False
341,EK02160372,4,5,4,20260216,2026-02-16 08:15:00,2026-02-16 09:28:00,8,FRA-DXB,A05,DELAYED,215,73,61-120,False,True,False
342,LH03120373,7,5,12,20260312,2026-03-12 11:40:00,2026-03-12 12:17:00,11,FRA-VIE,Z15,DELAYED,121,37,31-60,False,True,False
343,UA04200374,8,5,7,20260420,2026-04-20 18:10:00,2026-04-20 18:59:00,18,FRA-JFK,E02,DELAYED,74,49,31-60,False,True,False
344,AF04060375,1,5,4,20260406,2026-04-06 06:00:00,2026-04-06 08:28:00,6,FRA-DXB,B03,DELAYED,182,148,120+,False,True,False
345,EK02030376,4,5,3,20260203,2026-02-03 09:10:00,2026-02-03 09:23:00,9,FRA-CDG,A05,ON_TIME,88,13,ON_TIME,True,False,False
346,KL04270377,6,5,3,20260427,2026-04-27 22:25:00,2026-04-27 22:10:00,22,FRA-CDG,B16,ON_TIME,305,0,ON_TIME,True,False,False
347,AF04140378,1,5,6,20260414,2026-04-14 05:45:00,2026-04-14 06:14:00,5,FRA-HAM,A05,DELAYED,163,29,16-30,False,True,False
348,BA04040379,2,5,10,20260404,2026-04-04 07:10:00,2026-04-04 08:14:00,7,FRA-MUC,A05,DELAYED,110,64,61-120,False,True,False
349,LH01300380,7,5,4,20260130,2026-01-30 19:15:00,2026-01-30 19:59:00,19,FRA-DXB,A18,DELAYED,297,44,31-60,False,True,False
350,AF06250381,1,5,4,20260625,2026-06-25 05:50:00,2026-06-25 06:27:00,5,FRA-DXB,C07,DELAYED,125,37,31-60,False,True,False
351,DE06080382,3,5,13,20260608,2026-06-08 08:50:00,2026-06-08 09:21:00,8,FRA-ZRH,Z15,DELAYED,156,31,31-60,False,True,False
352,AF05140383,1,5,3,20260514,2026-05-14 12:00:00,2026-05-14 12:12:00,12,FRA-CDG,D04,ON_TIME,161,12,ON_TIME,True,False,False
353,EK01010384,4,5,8,20260101,2026-01-01 05:35:00,2026-01-01 05:56:00,5,FRA-LHR,A18,DELAYED,307,21,16-30,False,True,False
354,DE01200385,3,5,13,20260120,2026-01-20 08:50:00,2026-01-20 08:35:00,8,FRA-ZRH,A12,ON_TIME,80,0,ON_TIME,True,False,False
355,BA03160386,2,5,2,20260316,2026-03-16 17:00:00,2026-03-16 17:32:00,17,FRA-BER,A05,DELAYED,78,32,31-60,False,True,False
356,EK01300388,4,5,6,20260130,2026-01-30 18:10:00,2026-01-30 18:37:00,18,FRA-HAM,D04,DELAYED,252,27,16-30,False,True,False
357,UA02120389,8,5,7,20260212,2026-02-12 08:40:00,2026-02-12 09:48:00,8,FRA-JFK,Z15,DELAYED,268,68,61-120,False,True,False
358,IB06230390,5,5,11,20260623,2026-06-23 19:40:00,2026-06-23 20:15:00,19,FRA-PMI,A18,DELAYED,69,35,31-60,False,True,False
359,IB01290391,5,5,12,20260129,2026-01-29 19:15:00,2026-01-29 19:27:00,19,FRA-VIE,Z15,ON_TIME,323,12,ON_TIME,True,False,False
360,AF03280392,1,5,7,20260328,2026-03-28 22:20:00,2026-03-28 22:55:00,22,FRA-JFK,B03,DELAYED,276,35,31-60,False,True,False
361,IB06190393,5,5,1,20260619,2026-06-19 17:40:00,2026-06-19 19:32:00,17,FRA-AMS,E02,DELAYED,135,112,61-120,False,True,False
362,IB02120394,5,5,12,20260212,2026-02-12 08:15:00,2026-02-12 08:03:00,8,FRA-VIE,A05,ON_TIME,197,0,ON_TIME,True,False,False
363,AF06140395,1,5,13,20260614,2026-06-14 18:10:00,2026-06-14 18:47:00,18,FRA-ZRH,D04,DELAYED,100,37,31-60,False,True,False
364,IB01310396,5,5,1,20260131,2026-01-31 20:30:00,2026-01-31 20:56:00,20,FRA-AMS,A12,DELAYED,55,26,16-30,False,True,False
365,IB06180398,5,5,4,20260618,2026-06-18 17:15:00,2026-06-18 17:35:00,17,FRA-DXB,A05,DELAYED,168,20,16-30,False,True,False
366,EK06120399,4,5,1,20260612,2026-06-12 15:20:00,2026-06-12 15:32:00,15,FRA-AMS,C07,ON_TIME,126,12,ON_TIME,True,False,False
367,DE06060400,3,5,3,20260606,2026-06-06 11:45:00,2026-06-06 11:52:00,11,FRA-CDG,D04,ON_TIME,165,7,ON_TIME,True,False,False
368,AF03280401,1,5,4,20260328,2026-03-28 09:10:00,2026-03-28 09:00:00,9,FRA-DXB,D04,ON_TIME,285,0,ON_TIME,True,False,False
369,BA01020402,2,5,12,20260102,2026-01-02 21:30:00,2026-01-02 21:17:00,21,FRA-VIE,E02,ON_TIME,302,0,ON_TIME,True,False,False
370,BA05290403,2,5,4,20260529,2026-05-29 10:40:00,2026-05-29 10:36:00,10,FRA-DXB,C07,ON_TIME,251,0,ON_TIME,True,False,False
371,AF04120404,1,5,3,20260412,2026-04-12 15:50:00,2026-04-12 15:37:00,15,FRA-CDG,Z15,ON_TIME,266,0,ON_TIME,True,False,False
372,BA05190406,2,5,13,20260519,2026-05-19 15:35:00,2026-05-19 16:21:00,15,FRA-ZRH,E02,DELAYED,268,46,31-60,False,True,False
373,KL01040407,6,5,9,20260104,2026-01-04 21:35:00,,21,FRA-MAD,A18,CANCELLED,24,0,CANCELLED,False,False,True
374,KL03060408,6,5,7,20260306,2026-03-06 09:30:00,2026-03-06 10:12:00,9,FRA-JFK,B16,DELAYED,71,42,31-60,False,True,False
375,IB06070409,5,5,10,20260607,2026-06-07 22:45:00,2026-06-07 22:43:00,22,FRA-MUC,A05,ON_TIME,202,0,ON_TIME,True,False,False
376,UA04170410,8,5,9,20260417,2026-04-17 16:20:00,2026-04-17 16:27:00,16,FRA-MAD,Z15,ON_TIME,158,7,ON_TIME,True,False,False
377,IB06120411,5,5,8,20260612,2026-06-12 17:25:00,2026-06-12 17:10:00,17,FRA-LHR,D04,ON_TIME,205,0,ON_TIME,True,False,False
378,BA01200412,2,5,7,20260120,2026-01-20 10:40:00,2026-01-20 10:29:00,10,FRA-JFK,C07,ON_TIME,75,0,ON_TIME,True,False,False
379,KL03090413,6,5,13,20260309,2026-03-09 09:40:00,2026-03-09 09:53:00,9,FRA-ZRH,A05,ON_TIME,134,13,ON_TIME,True,False,False
380,BA06020414,2,5,1,20260602,2026-06-02 07:25:00,2026-06-02 08:00:00,7,FRA-AMS,A12,DELAYED,238,35,31-60,False,True,False
381,EK02260415,4,5,13,20260226,2026-02-26 11:20:00,2026-02-26 11:09:00,11,FRA-ZRH,B16,ON_TIME,102,0,ON_TIME,True,False,False
382,AF06190416,1,5,8,20260619,2026-06-19 16:00:00,2026-06-19 16:13:00,16,FRA-LHR,D04,ON_TIME,326,13,ON_TIME,True,False,False
383,LH06210417,7,5,10,20260621,2026-06-21 17:15:00,2026-06-21 17:00:00,17,FRA-MUC,B16,ON_TIME,75,0,ON_TIME,True,False,False
384,UA04090418,8,5,10,20260409,2026-04-09 14:20:00,2026-04-09 15:56:00,14,FRA-MUC,E02,DELAYED,246,96,61-120,False,True,False
385,IB01120419,5,5,12,20260112,2026-01-12 14:45:00,2026-01-12 15:08:00,14,FRA-VIE,E02,DELAYED,330,23,16-30,False,True,False
386,UA01190421,8,5,7,20260119,2026-01-19 09:30:00,2026-01-19 12:05:00,9,FRA-JFK,E02,DELAYED,183,155,120+,False,True,False
387,DE02280422,3,5,11,20260228,2026-02-28 14:10:00,2026-02-28 14:33:00,14,FRA-PMI,B16,DELAYED,276,23,16-30,False,True,False
388,LH06220423,7,5,9,20260622,2026-06-22 09:20:00,,9,FRA-MAD,A12,CANCELLED,1,0,CANCELLED,False,False,True
389,EK01280424,4,5,13,20260128,2026-01-28 14:50:00,2026-01-28 14:55:00,14,FRA-ZRH,C07,ON_TIME,279,5,ON_TIME,True,False,False
390,UA01080425,8,5,7,20260108,2026-01-08 20:40:00,2026-01-08 21:10:00,20,FRA-JFK,A18,DELAYED,206,30,16-30,False,True,False
391,KL06150426,6,5,7,20260615,2026-06-15 16:30:00,2026-06-15 17:02:00,16,FRA-JFK,A05,DELAYED,118,32,31-60,False,True,False
392,LH06020427,7,5,11,20260602,2026-06-02 18:20:00,2026-06-02 18:48:00,18,FRA-PMI,B03,DELAYED,231,28,16-30,False,True,False
393,DE06210429,3,5,6,20260621,2026-06-21 07:20:00,2026-06-21 08:12:00,7,FRA-HAM,Z15,DELAYED,156,52,31-60,False,True,False
394,IB04020430,5,5,1,20260402,2026-04-02 09:45:00,2026-04-02 09:53:00,9,FRA-AMS,B16,ON_TIME,154,8,ON_TIME,True,False,False
395,IB03260431,5,5,12,20260326,2026-03-26 15:25:00,2026-03-26 15:10:00,15,FRA-VIE,A05,ON_TIME,141,0,ON_TIME,True,False,False
396,IB04020433,5,5,12,20260402,2026-04-02 15:15:00,2026-04-02 15:44:00,15,FRA-VIE,E02,DELAYED,126,29,16-30,False,True,False
397,AF06100434,1,5,3,20260610,2026-06-10 07:35:00,2026-06-10 08:18:00,7,FRA-CDG,Z15,DELAYED,70,43,31-60,False,True,False
398,UA02240435,8,5,11,20260224,2026-02-24 07:20:00,2026-02-24 07:58:00,7,FRA-PMI,B16,DELAYED,131,38,31-60,False,True,False
399,UA05310436,8,5,8,20260531,2026-05-31 14:40:00,2026-05-31 14:36:00,14,FRA-LHR,B16,ON_TIME,258,0,ON_TIME,True,False,False
400,LH03030437,7,5,7,20260303,2026-03-03 11:20:00,2026-03-03 11:51:00,11,FRA-JFK,D04,DELAYED,129,31,31-60,False,True,False
401,EK02260438,4,5,2,20260226,2026-02-26 20:45:00,2026-02-26 21:25:00,20,FRA-BER,B03,DELAYED,76,40,31-60,False,True,False
402,EK05010439,4,5,9,20260501,2026-05-01 19:30:00,,19,FRA-MAD,B09,CANCELLED,20,0,CANCELLED,False,False,True
403,KL05200440,6,5,11,20260520,2026-05-20 11:10:00,2026-05-20 11:15:00,11,FRA-PMI,E02,ON_TIME,94,5,ON_TIME,True,False,False
404,KL02270441,6,5,9,20260227,2026-02-27 22:10:00,2026-02-27 22:43:00,22,FRA-MAD,E02,DELAYED,58,33,31-60,False,True,False
405,BA02120442,2,5,12,20260212,2026-02-12 12:35:00,2026-02-12 12:29:00,12,FRA-VIE,A18,ON_TIME,131,0,ON_TIME,True,False,False
406,BA06040443,2,5,1,20260604,2026-06-04 08:45:00,2026-06-04 08:53:00,8,FRA-AMS,B03,ON_TIME,300,8,ON_TIME,True,False,False
407,BA04160444,2,5,7,20260416,2026-04-16 05:45:00,,5,FRA-JFK,A18,CANCELLED,5,0,CANCELLED,False,False,True
408,LH02070445,7,5,11,20260207,2026-02-07 06:40:00,2026-02-07 07:20:00,6,FRA-PMI,B09,DELAYED,64,40,31-60,False,True,False
409,DE04250446,3,5,8,20260425,2026-04-25 21:15:00,2026-04-25 22:24:00,21,FRA-LHR,Z15,DELAYED,128,69,61-120,False,True,False
410,BA06180447,2,5,11,20260618,2026-06-18 21:50:00,2026-06-18 21:43:00,21,FRA-PMI,B03,ON_TIME,90,0,ON_TIME,True,False,False
411,UA02030448,8,5,9,20260203,2026-02-03 08:30:00,2026-02-03 08:15:00,8,FRA-MAD,C07,ON_TIME,313,0,ON_TIME,True,False,False
412,BA01250449,2,5,11,20260125,2026-01-25 11:15:00,2026-01-25 11:00:00,11,FRA-PMI,A12,ON_TIME,115,0,ON_TIME,True,False,False
413,IB02030450,5,5,7,20260203,2026-02-03 22:30:00,2026-02-03 22:15:00,22,FRA-JFK,E02,ON_TIME,275,0,ON_TIME,True,False,False
414,UA01120451,8,5,1,20260112,2026-01-12 22:10:00,2026-01-12 22:38:00,22,FRA-AMS,C07,DELAYED,105,28,16-30,False,True,False
415,BA05030452,2,5,3,20260503,2026-05-03 12:35:00,2026-05-03 12:20:00,12,FRA-CDG,B09,ON_TIME,264,0,ON_TIME,True,False,False
416,AF01020453,1,5,2,20260102,2026-01-02 21:35:00,2026-01-02 21:37:00,21,FRA-BER,B16,ON_TIME,264,2,ON_TIME,True,False,False
417,KL04120455,6,5,7,20260412,2026-04-12 12:10:00,2026-04-12 12:10:00,12,FRA-JFK,B09,ON_TIME,302,0,ON_TIME,True,False,False
418,KL03300456,6,5,11,20260330,2026-03-30 17:40:00,2026-03-30 17:49:00,17,FRA-PMI,D04,ON_TIME,172,9,ON_TIME,True,False,False
419,BA02240457,2,5,10,20260224,2026-02-24 22:10:00,2026-02-24 22:34:00,22,FRA-MUC,A18,DELAYED,81,24,16-30,False,True,False
420,UA01020458,8,5,7,20260102,2026-01-02 07:40:00,2026-01-02 07:25:00,7,FRA-JFK,A12,ON_TIME,100,0,ON_TIME,True,False,False
421,KL04050459,6,5,8,20260405,2026-04-05 08:25:00,,8,FRA-LHR,B09,CANCELLED,16,0,CANCELLED,False,False,True
422,DE04130462,3,5,3,20260413,2026-04-13 17:10:00,2026-04-13 17:00:00,17,FRA-CDG,A12,ON_TIME,62,0,ON_TIME,True,False,False
423,DE03140463,3,5,13,20260314,2026-03-14 23:25:00,2026-03-14 23:58:00,23,FRA-ZRH,D04,DELAYED,154,33,31-60,False,True,False
424,KL01300465,6,5,1,20260130,2026-01-30 21:50:00,2026-01-30 22:16:00,21,FRA-AMS,Z15,DELAYED,248,26,16-30,False,True,False
425,IB03280466,5,5,8,20260328,2026-03-28 20:15:00,2026-03-28 20:00:00,20,FRA-LHR,A12,ON_TIME,301,0,ON_TIME,True,False,False
426,KL04080467,6,5,10,20260408,2026-04-08 12:45:00,2026-04-08 12:40:00,12,FRA-MUC,B03,ON_TIME,189,0,ON_TIME,True,False,False
427,KL04130468,6,5,10,20260413,2026-04-13 15:35:00,2026-04-13 16:01:00,15,FRA-MUC,B16,DELAYED,215,26,16-30,False,True,False
428,AF03100469,1,5,11,20260310,2026-03-10 10:45:00,2026-03-10 11:11:00,10,FRA-PMI,B03,DELAYED,160,26,16-30,False,True,False
429,AF06080470,1,5,8,20260608,2026-06-08 16:40:00,2026-06-08 17:31:00,16,FRA-LHR,D04,DELAYED,95,51,31-60,False,True,False
430,LH01110471,7,5,13,20260111,2026-01-11 21:00:00,2026-01-11 20:45:00,21,FRA-ZRH,D04,ON_TIME,195,0,ON_TIME,True,False,False
431,IB01090473,5,5,13,20260109,2026-01-09 22:00:00,2026-01-09 22:08:00,22,FRA-ZRH,D04,ON_TIME,320,8,ON_TIME,True,False,False
432,EK01030474,4,5,4,20260103,2026-01-03 05:45:00,2026-01-03 05:45:00,5,FRA-DXB,Z15,ON_TIME,240,0,ON_TIME,True,False,False
433,KL05210475,6,5,6,20260521,2026-05-21 13:45:00,2026-05-21 14:20:00,13,FRA-HAM,B03,DELAYED,272,35,31-60,False,True,False
434,UA04060476,8,5,4,20260406,2026-04-06 17:10:00,2026-04-06 17:18:00,17,FRA-DXB,Z15,ON_TIME,122,8,ON_TIME,True,False,False
435,AF03110477,1,5,10,20260311,2026-03-11 13:20:00,2026-03-11 13:24:00,13,FRA-MUC,D04,ON_TIME,131,4,ON_TIME,True,False,False
436,LH04180478,7,5,6,20260418,2026-04-18 20:40:00,2026-04-18 21:03:00,20,FRA-HAM,E02,DELAYED,319,23,16-30,False,True,False
437,EK03180479,4,5,12,20260318,2026-03-18 14:20:00,2026-03-18 14:44:00,14,FRA-VIE,B09,DELAYED,165,24,16-30,False,True,False
438,IB01250480,5,5,7,20260125,2026-01-25 20:00:00,2026-01-25 20:17:00,20,FRA-JFK,B16,DELAYED,186,17,16-30,False,True,False
439,LH02010481,7,5,9,20260201,2026-02-01 17:25:00,2026-02-01 17:10:00,17,FRA-MAD,B16,ON_TIME,200,0,ON_TIME,True,False,False
440,EK05110482,4,5,7,20260511,2026-05-11 21:15:00,2026-05-11 21:13:00,21,FRA-JFK,D04,ON_TIME,201,0,ON_TIME,True,False,False
441,BA06130483,2,5,6,20260613,2026-06-13 16:10:00,2026-06-13 17:00:00,16,FRA-HAM,B03,DELAYED,230,50,31-60,False,True,False
442,EK06170484,4,5,1,20260617,2026-06-17 14:50:00,2026-06-17 14:44:00,14,FRA-AMS,B16,ON_TIME,282,0,ON_TIME,True,False,False
443,IB02120485,5,5,9,20260212,2026-02-12 10:30:00,2026-02-12 10:46:00,10,FRA-MAD,B03,DELAYED,95,16,16-30,False,True,False
444,BA01270486,2,5,9,20260127,2026-01-27 08:35:00,2026-01-27 09:07:00,8,FRA-MAD,A05,DELAYED,82,32,31-60,False,True,False
445,KL06100488,6,5,12,20260610,2026-06-10 09:40:00,2026-06-10 10:22:00,9,FRA-VIE,B16,DELAYED,72,42,31-60,False,True,False
446,EK04300489,4,5,12,20260430,2026-04-30 22:50:00,2026-04-30 23:43:00,22,FRA-VIE,Z15,DELAYED,288,53,31-60,False,True,False
447,UA06130490,8,5,13,20260613,2026-06-13 22:50:00,2026-06-13 23:48:00,22,FRA-ZRH,A12,DELAYED,171,58,31-60,False,True,False
448,IB04040491,5,5,3,20260404,2026-04-04 18:50:00,2026-04-04 19:33:00,18,FRA-CDG,B16,DELAYED,124,43,31-60,False,True,False
449,KL05170492,6,5,12,20260517,2026-05-17 06:15:00,2026-05-17 06:31:00,6,FRA-VIE,C07,DELAYED,59,16,16-30,False,True,False
450,UA03090494,8,5,8,20260309,2026-03-09 08:10:00,2026-03-09 08:40:00,8,FRA-LHR,B09,DELAYED,194,30,16-30,False,True,False
451,KL02180495,6,5,9,20260218,2026-02-18 07:40:00,2026-02-18 08:14:00,7,FRA-MAD,B03,DELAYED,306,34,31-60,False,True,False
452,EK02080496,4,5,2,20260208,2026-02-08 07:20:00,,7,FRA-BER,B09,CANCELLED,9,0,CANCELLED,False,False,True
453,BA04230497,2,5,4,20260423,2026-04-23 05:45:00,2026-04-23 06:16:00,5,FRA-DXB,B16,DELAYED,310,31,31-60,False,True,False
454,UA05200499,8,5,10,20260520,2026-05-20 20:40:00,2026-05-20 21:18:00,20,FRA-MUC,B03,DELAYED,117,38,31-60,False,True,False
455,UA03050500,8,5,12,20260305,2026-03-05 06:45:00,2026-03-05 06:30:00,6,FRA-VIE,B03,ON_TIME,321,0,ON_TIME,True,False,False
456,IB03180502,5,5,7,20260318,2026-03-18 12:00:00,2026-03-18 11:45:00,12,FRA-JFK,A12,ON_TIME,166,0,ON_TIME,True,False,False
457,AF04220503,1,5,7,20260422,2026-04-22 15:30:00,2026-04-22 15:42:00,15,FRA-JFK,A05,ON_TIME,59,12,ON_TIME,True,False,False
458,IB06020504,5,5,4,20260602,2026-06-02 10:00:00,2026-06-02 10:26:00,10,FRA-DXB,A12,DELAYED,310,26,16-30,False,True,False
459,EK01160505,4,5,7,20260116,2026-01-16 07:00:00,2026-01-16 07:01:00,7,FRA-JFK,B16,ON_TIME,174,1,ON_TIME,True,False,False
460,EK02190506,4,5,12,20260219,2026-02-19 06:10:00,2026-02-19 05:55:00,6,FRA-VIE,D04,ON_TIME,75,0,ON_TIME,True,False,False
461,IB03170507,5,5,13,20260317,2026-03-17 23:15:00,2026-03-17 23:38:00,23,FRA-ZRH,Z15,DELAYED,195,23,16-30,False,True,False
462,BA05160508,2,5,10,20260516,2026-05-16 10:15:00,2026-05-16 10:49:00,10,FRA-MUC,D04,DELAYED,242,34,31-60,False,True,False
463,LH05100509,7,5,7,20260510,2026-05-10 17:40:00,2026-05-10 17:37:00,17,FRA-JFK,A12,ON_TIME,219,0,ON_TIME,True,False,False
464,UA05150510,8,5,8,20260515,2026-05-15 21:20:00,2026-05-15 21:18:00,21,FRA-LHR,B16,ON_TIME,264,0,ON_TIME,True,False,False
465,DE05140511,3,5,10,20260514,2026-05-14 07:30:00,2026-05-14 08:17:00,7,FRA-MUC,B03,DELAYED,303,47,31-60,False,True,False
466,DE05270512,3,5,2,20260527,2026-05-27 18:15:00,2026-05-27 19:05:00,18,FRA-BER,A05,DELAYED,186,50,31-60,False,True,False
467,EK06050513,4,5,8,20260605,2026-06-05 07:30:00,2026-06-05 07:51:00,7,FRA-LHR,D04,DELAYED,95,21,16-30,False,True,False
468,LH05230514,7,5,1,20260523,2026-05-23 19:00:00,2026-05-23 21:44:00,19,FRA-AMS,E02,DELAYED,191,164,120+,False,True,False
469,LH01190515,7,5,4,20260119,2026-01-19 14:35:00,2026-01-19 15:00:00,14,FRA-DXB,C07,DELAYED,327,25,16-30,False,True,False
470,AF05150516,1,5,8,20260515,2026-05-15 13:25:00,2026-05-15 13:36:00,13,FRA-LHR,A12,ON_TIME,267,11,ON_TIME,True,False,False
471,IB03220518,5,5,1,20260322,2026-03-22 23:00:00,2026-03-22 23:36:00,23,FRA-AMS,B16,DELAYED,275,36,31-60,False,True,False
472,AF05200519,1,5,11,20260520,2026-05-20 12:10:00,2026-05-20 12:40:00,12,FRA-PMI,C07,DELAYED,284,30,16-30,False,True,False
473,LH01090520,7,5,4,20260109,2026-01-09 15:25:00,,15,FRA-DXB,A05,CANCELLED,9,0,CANCELLED,False,False,True
474,KL02240521,6,5,8,20260224,2026-02-24 15:30:00,2026-02-24 16:26:00,15,FRA-LHR,E02,DELAYED,316,56,31-60,False,True,False
475,BA01100522,2,5,10,20260110,2026-01-10 20:00:00,2026-01-10 19:58:00,20,FRA-MUC,B03,ON_TIME,182,0,ON_TIME,True,False,False
476,KL01240523,6,5,3,20260124,2026-01-24 18:25:00,2026-01-24 18:35:00,18,FRA-CDG,D04,ON_TIME,143,10,ON_TIME,True,False,False
477,DE06140524,3,5,11,20260614,2026-06-14 14:30:00,2026-06-14 14:15:00,14,FRA-PMI,A05,ON_TIME,95,0,ON_TIME,True,False,False
478,EK04220525,4,5,1,20260422,2026-04-22 18:35:00,2026-04-22 18:54:00,18,FRA-AMS,C07,DELAYED,60,19,16-30,False,True,False
479,LH05150526,7,5,3,20260515,2026-05-15 07:00:00,2026-05-15 07:49:00,7,FRA-CDG,B03,DELAYED,312,49,31-60,False,True,False
480,BA06220527,2,5,2,20260622,2026-06-22 18:15:00,2026-06-22 18:20:00,18,FRA-BER,A18,ON_TIME,256,5,ON_TIME,True,False,False
481,BA01220528,2,5,1,20260122,2026-01-22 21:25:00,2026-01-22 21:34:00,21,FRA-AMS,A12,ON_TIME,189,9,ON_TIME,True,False,False
482,UA04220529,8,5,13,20260422,2026-04-22 09:40:00,2026-04-22 10:02:00,9,FRA-ZRH,B03,DELAYED,323,22,16-30,False,True,False
483,AF03100530,1,5,10,20260310,2026-03-10 19:00:00,2026-03-10 19:37:00,19,FRA-MUC,C07,DELAYED,112,37,31-60,False,True,False
484,UA03310531,8,5,1,20260331,2026-03-31 12:00:00,2026-03-31 11:51:00,12,FRA-AMS,Z15,ON_TIME,234,0,ON_TIME,True,False,False
485,IB02070532,5,5,11,20260207,2026-02-07 19:30:00,2026-02-07 19:15:00,19,FRA-PMI,A18,ON_TIME,246,0,ON_TIME,True,False,False
486,DE01140533,3,5,10,20260114,2026-01-14 13:25:00,2026-01-14 16:22:00,13,FRA-MUC,B09,DELAYED,111,177,120+,False,True,False
487,IB01060534,5,5,12,20260106,2026-01-06 15:45:00,2026-01-06 15:30:00,15,FRA-VIE,B09,ON_TIME,322,0,ON_TIME,True,False,False
488,IB02060535,5,5,11,20260206,2026-02-06 06:10:00,2026-02-06 06:20:00,6,FRA-PMI,B03,ON_TIME,200,10,ON_TIME,True,False,False
489,KL04300536,6,5,2,20260430,2026-04-30 05:35:00,2026-04-30 05:43:00,5,FRA-BER,A12,ON_TIME,239,8,ON_TIME,True,False,False
490,LH06160537,7,5,3,20260616,2026-06-16 17:45:00,2026-06-16 17:30:00,17,FRA-CDG,Z15,ON_TIME,303,0,ON_TIME,True,False,False
491,DE02200538,3,5,6,20260220,2026-02-20 22:15:00,2026-02-20 22:27:00,22,FRA-HAM,B03,ON_TIME,75,12,ON_TIME,True,False,False
492,KL05060539,6,5,1,20260506,2026-05-06 17:40:00,,17,FRA-AMS,B09,CANCELLED,16,0,CANCELLED,False,False,True
493,LH03070540,7,5,7,20260307,2026-03-07 17:30:00,2026-03-07 17:23:00,17,FRA-JFK,A18,ON_TIME,170,0,ON_TIME,True,False,False
494,EK06180541,4,5,9,20260618,2026-06-18 09:35:00,2026-06-18 09:20:00,9,FRA-MAD,C07,ON_TIME,171,0,ON_TIME,True,False,False
495,AF02090542,1,5,11,20260209,2026-02-09 18:50:00,2026-02-09 18:59:00,18,FRA-PMI,B03,ON_TIME,122,9,ON_TIME,True,False,False
496,BA05190543,2,5,11,20260519,2026-05-19 11:40:00,2026-05-19 11:46:00,11,FRA-PMI,Z15,ON_TIME,129,6,ON_TIME,True,False,False
497,BA01180544,2,5,1,20260118,2026-01-18 23:20:00,2026-01-18 23:06:00,23,FRA-AMS,A18,ON_TIME,217,0,ON_TIME,True,False,False
498,LH04160545,7,5,1,20260416,2026-04-16 18:50:00,2026-04-16 19:51:00,18,FRA-AMS,A18,DELAYED,195,61,61-120,False,True,False
499,AF02030546,1,5,10,20260203,2026-02-03 10:30:00,2026-02-03 10:23:00,10,FRA-MUC,Z15,ON_TIME,191,0,ON_TIME,True,False,False
500,AF03010547,1,5,11,20260301,2026-03-01 12:30:00,2026-03-01 12:34:00,12,FRA-PMI,B16,ON_TIME,295,4,ON_TIME,True,False,False
501,BA05060548,2,5,9,20260506,2026-05-06 20:40:00,2026-05-06 20:29:00,20,FRA-MAD,A05,ON_TIME,264,0,ON_TIME,True,False,False
502,KL02260549,6,5,9,20260226,2026-02-26 11:45:00,2026-02-26 13:02:00,11,FRA-MAD,B16,DELAYED,305,77,61-120,False,True,False
503,IB04200550,5,5,8,20260420,2026-04-20 17:30:00,2026-04-20 17:15:00,17,FRA-LHR,C07,ON_TIME,215,0,ON_TIME,True,False,False
504,LH01280551,7,5,13,20260128,2026-01-28 20:15:00,2026-01-28 21:46:00,20,FRA-ZRH,A05,DELAYED,257,91,61-120,False,True,False
505,UA06110552,8,5,13,20260611,2026-06-11 06:45:00,2026-06-11 07:20:00,6,FRA-ZRH,B09,DELAYED,210,35,31-60,False,True,False
506,IB04190553,5,5,6,20260419,2026-04-19 15:25:00,2026-04-19 15:20:00,15,FRA-HAM,A12,ON_TIME,286,0,ON_TIME,True,False,False
507,IB02210555,5,5,11,20260221,2026-02-21 19:35:00,2026-02-21 19:30:00,19,FRA-PMI,A12,ON_TIME,118,0,ON_TIME,True,False,False
508,DE04260556,3,5,4,20260426,2026-04-26 16:35:00,2026-04-26 16:20:00,16,FRA-DXB,Z15,ON_TIME,316,0,ON_TIME,True,False,False
509,BA05210557,2,5,9,20260521,2026-05-21 17:30:00,2026-05-21 18:10:00,17,FRA-MAD,A18,DELAYED,131,40,31-60,False,True,False
510,BA01140558,2,5,6,20260114,2026-01-14 18:50:00,2026-01-14 18:48:00,18,FRA-HAM,B09,ON_TIME,283,0,ON_TIME,True,False,False
511,BA02030559,2,5,10,20260203,2026-02-03 11:30:00,2026-02-03 11:43:00,11,FRA-MUC,Z15,ON_TIME,57,13,ON_TIME,True,False,False
512,IB02250560,5,5,8,20260225,2026-02-25 21:15:00,2026-02-25 23:57:00,21,FRA-LHR,B03,DELAYED,58,162,120+,False,True,False
513,DE01280562,3,5,2,20260128,2026-01-28 18:40:00,2026-01-28 19:22:00,18,FRA-BER,D04,DELAYED,145,42,31-60,False,True,False
514,EK01240563,4,5,2,20260124,2026-01-24 15:00:00,2026-01-24 15:07:00,15,FRA-BER,B09,ON_TIME,88,7,ON_TIME,True,False,False
515,IB02010564,5,5,6,20260201,2026-02-01 14:00:00,2026-02-01 14:20:00,14,FRA-HAM,Z15,DELAYED,162,20,16-30,False,True,False
516,LH05270565,7,5,10,20260527,2026-05-27 21:35:00,2026-05-27 21:28:00,21,FRA-MUC,C07,ON_TIME,202,0,ON_TIME,True,False,False
517,EK05150566,4,5,3,20260515,2026-05-15 16:40:00,2026-05-15 16:25:00,16,FRA-CDG,D04,ON_TIME,309,0,ON_TIME,True,False,False
518,BA03010567,2,5,11,20260301,2026-03-01 14:45:00,,14,FRA-PMI,Z15,CANCELLED,6,0,CANCELLED,False,False,True
519,UA01120568,8,5,9,20260112,2026-01-12 16:00:00,2026-01-12 16:19:00,16,FRA-MAD,B03,DELAYED,60,19,16-30,False,True,False
520,KL01180569,6,5,3,20260118,2026-01-18 14:50:00,2026-01-18 15:03:00,14,FRA-CDG,C07,ON_TIME,229,13,ON_TIME,True,False,False
521,LH02190570,7,5,6,20260219,2026-02-19 16:00:00,2026-02-19 16:16:00,16,FRA-HAM,A05,DELAYED,297,16,16-30,False,True,False
522,BA02090571,2,5,12,20260209,2026-02-09 20:20:00,2026-02-09 20:05:00,20,FRA-VIE,E02,ON_TIME,83,0,ON_TIME,True,False,False
523,KL06230572,6,5,11,20260623,2026-06-23 16:20:00,2026-06-23 16:44:00,16,FRA-PMI,B16,DELAYED,224,24,16-30,False,True,False
524,DE03130573,3,5,6,20260313,2026-03-13 06:00:00,2026-03-13 05:45:00,6,FRA-HAM,A18,ON_TIME,254,0,ON_TIME,True,False,False
525,DE03220574,3,5,3,20260322,2026-03-22 06:50:00,2026-03-22 06:35:00,6,FRA-CDG,B16,ON_TIME,176,0,ON_TIME,True,False,False
526,LH05090576,7,5,12,20260509,2026-05-09 09:45:00,2026-05-09 10:04:00,9,FRA-VIE,B09,DELAYED,323,19,16-30,False,True,False
527,EK01260577,4,5,6,20260126,2026-01-26 21:40:00,2026-01-26 22:17:00,21,FRA-HAM,A05,DELAYED,114,37,31-60,False,True,False
528,KL06250578,6,5,2,20260625,2026-06-25 08:00:00,2026-06-25 10:10:00,8,FRA-BER,A05,DELAYED,214,130,120+,False,True,False
529,KL02230579,6,5,7,20260223,2026-02-23 15:45:00,2026-02-23 15:55:00,15,FRA-JFK,B09,ON_TIME,115,10,ON_TIME,True,False,False
530,EK03230581,4,5,13,20260323,2026-03-23 13:40:00,2026-03-23 14:04:00,13,FRA-ZRH,Z15,DELAYED,214,24,16-30,False,True,False
531,EK04240582,4,5,13,20260424,2026-04-24 06:40:00,,6,FRA-ZRH,A12,CANCELLED,1,0,CANCELLED,False,False,True
532,UA01230583,8,5,2,20260123,2026-01-23 19:10:00,2026-01-23 18:58:00,19,FRA-BER,Z15,ON_TIME,283,0,ON_TIME,True,False,False
533,EK03270584,4,5,3,20260327,2026-03-27 12:20:00,2026-03-27 12:16:00,12,FRA-CDG,Z15,ON_TIME,293,0,ON_TIME,True,False,False
534,BA06280585,2,5,10,20260628,2026-06-28 19:35:00,2026-06-28 19:34:00,19,FRA-MUC,B03,ON_TIME,173,0,ON_TIME,True,False,False
535,BA01270588,2,5,13,20260127,2026-01-27 17:35:00,2026-01-27 17:55:00,17,FRA-ZRH,E02,DELAYED,209,20,16-30,False,True,False
536,IB06010589,5,5,9,20260601,2026-06-01 18:45:00,2026-06-01 18:30:00,18,FRA-MAD,B03,ON_TIME,229,0,ON_TIME,True,False,False
537,UA05260590,8,5,9,20260526,2026-05-26 16:20:00,2026-05-26 16:15:00,16,FRA-MAD,Z15,ON_TIME,94,0,ON_TIME,True,False,False
538,IB06010591,5,5,10,20260601,2026-06-01 20:00:00,2026-06-01 20:21:00,20,FRA-MUC,Z15,DELAYED,90,21,16-30,False,True,False
539,DE06020592,3,5,7,20260602,2026-06-02 18:00:00,2026-06-02 18:01:00,18,FRA-JFK,B03,ON_TIME,101,1,ON_TIME,True,False,False
540,BA06120593,2,5,11,20260612,2026-06-12 05:40:00,2026-06-12 05:35:00,5,FRA-PMI,B03,ON_TIME,283,0,ON_TIME,True,False,False
541,AF03230594,1,5,7,20260323,2026-03-23 15:25:00,2026-03-23 15:45:00,15,FRA-JFK,B16,DELAYED,277,20,16-30,False,True,False
542,DE01030595,3,5,11,20260103,2026-01-03 22:10:00,2026-01-03 22:29:00,22,FRA-PMI,A05,DELAYED,82,19,16-30,False,True,False
543,EK03140596,4,5,10,20260314,2026-03-14 05:45:00,2026-03-14 05:52:00,5,FRA-MUC,C07,ON_TIME,217,7,ON_TIME,True,False,False
544,UA04220597,8,5,9,20260422,2026-04-22 22:45:00,2026-04-22 22:44:00,22,FRA-MAD,C07,ON_TIME,239,0,ON_TIME,True,False,False
545,BA06210598,2,5,3,20260621,2026-06-21 09:40:00,,9,FRA-CDG,D04,CANCELLED,4,0,CANCELLED,False,False,True
546,UA01220599,8,5,6,20260122,2026-01-22 10:10:00,2026-01-22 10:53:00,10,FRA-HAM,D04,DELAYED,147,43,31-60,False,True,False
547,UA04260600,8,5,13,20260426,2026-04-26 18:00:00,2026-04-26 17:51:00,18,FRA-ZRH,Z15,ON_TIME,58,0,ON_TIME,True,False,False
548,IB03020601,5,5,4,20260302,2026-03-02 21:50:00,2026-03-02 21:42:00,21,FRA-DXB,B16,ON_TIME,302,0,ON_TIME,True,False,False
549,DE05040602,3,5,11,20260504,2026-05-04 07:40:00,2026-05-04 07:47:00,7,FRA-PMI,D04,ON_TIME,198,7,ON_TIME,True,False,False
550,DE06060603,3,5,13,20260606,2026-06-06 07:45:00,2026-06-06 10:02:00,7,FRA-ZRH,Z15,DELAYED,214,137,120+,False,True,False
551,EK03160605,4,5,3,20260316,2026-03-16 10:30:00,2026-03-16 10:27:00,10,FRA-CDG,A05,ON_TIME,188,0,ON_TIME,True,False,False
552,IB02130606,5,5,11,20260213,2026-02-13 06:50:00,2026-02-13 06:52:00,6,FRA-PMI,D04,ON_TIME,201,2,ON_TIME,True,False,False
553,DE05100607,3,5,6,20260510,2026-05-10 07:50:00,2026-05-10 07:50:00,7,FRA-HAM,Z15,ON_TIME,112,0,ON_TIME,True,False,False
554,BA02080608,2,5,11,20260208,2026-02-08 20:00:00,2026-02-08 20:01:00,20,FRA-PMI,D04,ON_TIME,175,1,ON_TIME,True,False,False
555,BA01090609,2,5,13,20260109,2026-01-09 15:35:00,2026-01-09 15:20:00,15,FRA-ZRH,C07,ON_TIME,266,0,ON_TIME,True,False,False
556,AF04230610,1,5,7,20260423,2026-04-23 10:45:00,2026-04-23 10:34:00,10,FRA-JFK,B09,ON_TIME,82,0,ON_TIME,True,False,False
557,DE02120611,3,5,2,20260212,2026-02-12 20:10:00,2026-02-12 19:55:00,20,FRA-BER,C07,ON_TIME,174,0,ON_TIME,True,False,False
558,UA03090612,8,5,12,20260309,2026-03-09 10:20:00,2026-03-09 13:10:00,10,FRA-VIE,C07,DELAYED,284,170,120+,False,True,False
559,EK06240613,4,5,13,20260624,2026-06-24 06:35:00,2026-06-24 06:20:00,6,FRA-ZRH,B16,ON_TIME,194,0,ON_TIME,True,False,False
560,KL01260614,6,5,3,20260126,2026-01-26 14:25:00,2026-01-26 14:10:00,14,FRA-CDG,Z15,ON_TIME,178,0,ON_TIME,True,False,False
561,AF03280615,1,5,13,20260328,2026-03-28 11:00:00,2026-03-28 11:50:00,11,FRA-ZRH,A12,DELAYED,323,50,31-60,False,True,False
562,IB02260616,5,5,1,20260226,2026-02-26 14:50:00,2026-02-26 15:31:00,14,FRA-AMS,Z15,DELAYED,84,41,31-60,False,True,False
563,AF06130617,1,5,11,20260613,2026-06-13 08:35:00,2026-06-13 08:31:00,8,FRA-PMI,A12,ON_TIME,149,0,ON_TIME,True,False,False
564,BA03170618,2,5,3,20260317,2026-03-17 19:35:00,2026-03-17 19:35:00,19,FRA-CDG,C07,ON_TIME,196,0,ON_TIME,True,False,False
565,EK02110619,4,5,3,20260211,2026-02-11 07:50:00,2026-02-11 10:17:00,7,FRA-CDG,A18,DELAYED,190,147,120+,False,True,False
566,IB05060620,5,5,10,20260506,2026-05-06 12:25:00,2026-05-06 12:53:00,12,FRA-MUC,A18,DELAYED,110,28,16-30,False,True,False
567,LH02080622,7,5,12,20260208,2026-02-08 05:30:00,2026-02-08 05:50:00,5,FRA-VIE,C07,DELAYED,223,20,16-30,False,True,False
568,LH05060623,7,5,13,20260506,2026-05-06 21:10:00,2026-05-06 22:31:00,21,FRA-ZRH,C07,DELAYED,56,81,61-120,False,True,False
569,IB05260624,5,5,10,20260526,2026-05-26 23:00:00,2026-05-26 22:45:00,23,FRA-MUC,A12,ON_TIME,83,0,ON_TIME,True,False,False
570,EK03290625,4,5,13,20260329,2026-03-29 08:15:00,2026-03-29 08:25:00,8,FRA-ZRH,B03,ON_TIME,251,10,ON_TIME,True,False,False
571,KL04100626,6,5,4,20260410,2026-04-10 09:00:00,2026-04-10 09:30:00,9,FRA-DXB,B03,DELAYED,279,30,16-30,False,True,False
572,BA02190627,2,5,2,20260219,2026-02-19 06:25:00,2026-02-19 06:10:00,6,FRA-BER,E02,ON_TIME,310,0,ON_TIME,True,False,False
573,IB01100628,5,5,2,20260110,2026-01-10 15:30:00,2026-01-10 16:11:00,15,FRA-BER,A12,DELAYED,262,41,31-60,False,True,False
574,AF06200629,1,5,7,20260620,2026-06-20 22:15:00,2026-06-20 22:49:00,22,FRA-JFK,A12,DELAYED,174,34,31-60,False,True,False
575,LH02060630,7,5,4,20260206,2026-02-06 20:30:00,2026-02-06 20:22:00,20,FRA-DXB,B03,ON_TIME,78,0,ON_TIME,True,False,False
576,BA02140631,2,5,2,20260214,2026-02-14 06:50:00,2026-02-14 07:31:00,6,FRA-BER,A12,DELAYED,87,41,31-60,False,True,False
577,DE06020632,3,5,12,20260602,2026-06-02 12:35:00,2026-06-02 13:08:00,12,FRA-VIE,B16,DELAYED,260,33,31-60,False,True,False
578,DE05280633,3,5,7,20260528,2026-05-28 22:40:00,2026-05-29 00:17:00,22,FRA-JFK,A12,DELAYED,226,97,61-120,False,True,False
579,DE02060634,3,5,3,20260206,2026-02-06 18:40:00,2026-02-06 18:50:00,18,FRA-CDG,B03,ON_TIME,279,10,ON_TIME,True,False,False
580,LH01260635,7,5,6,20260126,2026-01-26 17:40:00,,17,FRA-HAM,Z15,CANCELLED,2,0,CANCELLED,False,False,True
581,KL06270636,6,5,9,20260627,2026-06-27 20:40:00,2026-06-27 20:54:00,20,FRA-MAD,D04,ON_TIME,322,14,ON_TIME,True,False,False
582,UA02140637,8,5,8,20260214,2026-02-14 07:25:00,2026-02-14 07:10:00,7,FRA-LHR,B16,ON_TIME,209,0,ON_TIME,True,False,False
583,UA05230638,8,5,2,20260523,2026-05-23 12:45:00,2026-05-23 12:59:00,12,FRA-BER,Z15,ON_TIME,103,14,ON_TIME,True,False,False
584,EK04270641,4,5,11,20260427,2026-04-27 06:35:00,2026-04-27 07:02:00,6,FRA-PMI,E02,DELAYED,303,27,16-30,False,True,False
585,DE03020642,3,5,10,20260302,2026-03-02 20:25:00,2026-03-02 20:32:00,20,FRA-MUC,B03,ON_TIME,221,7,ON_TIME,True,False,False
586,DE02280643,3,5,1,20260228,2026-02-28 08:45:00,2026-02-28 09:15:00,8,FRA-AMS,Z15,DELAYED,296,30,16-30,False,True,False
587,IB04220644,5,5,2,20260422,2026-04-22 09:45:00,2026-04-22 09:42:00,9,FRA-BER,B16,ON_TIME,253,0,ON_TIME,True,False,False
588,BA02190645,2,5,12,20260219,2026-02-19 16:50:00,2026-02-19 18:32:00,16,FRA-VIE,D04,DELAYED,111,102,61-120,False,True,False
589,AF04160647,1,5,10,20260416,2026-04-16 22:15:00,2026-04-16 22:35:00,22,FRA-MUC,C07,DELAYED,62,20,16-30,False,True,False
590,AF03250648,1,5,8,20260325,2026-03-25 19:25:00,2026-03-25 20:06:00,19,FRA-LHR,Z15,DELAYED,131,41,31-60,False,True,False
591,LH01120649,7,5,9,20260112,2026-01-12 07:15:00,2026-01-12 07:04:00,7,FRA-MAD,D04,ON_TIME,105,0,ON_TIME,True,False,False
592,IB01220650,5,5,8,20260122,2026-01-22 22:30:00,2026-01-22 22:43:00,22,FRA-LHR,A18,ON_TIME,166,13,ON_TIME,True,False,False
593,EK03030651,4,5,3,20260303,2026-03-03 07:30:00,2026-03-03 07:31:00,7,FRA-CDG,D04,ON_TIME,67,1,ON_TIME,True,False,False
594,UA03270653,8,5,4,20260327,2026-03-27 21:30:00,2026-03-27 21:45:00,21,FRA-DXB,A12,ON_TIME,161,15,ON_TIME,True,False,False
595,EK01150654,4,5,4,20260115,2026-01-15 22:00:00,2026-01-15 21:45:00,22,FRA-DXB,D04,ON_TIME,242,0,ON_TIME,True,False,False
596,LH04040655,7,5,1,20260404,2026-04-04 11:20:00,2026-04-04 11:05:00,11,FRA-AMS,B03,ON_TIME,226,0,ON_TIME,True,False,False
597,DE05030656,3,5,7,20260503,2026-05-03 11:45:00,2026-05-03 11:44:00,11,FRA-JFK,C07,ON_TIME,312,0,ON_TIME,True,False,False
598,KL01170657,6,5,2,20260117,2026-01-17 17:00:00,2026-01-17 16:45:00,17,FRA-BER,E02,ON_TIME,327,0,ON_TIME,True,False,False
599,KL06080658,6,5,12,20260608,2026-06-08 16:35:00,2026-06-08 16:49:00,16,FRA-VIE,A12,ON_TIME,99,14,ON_TIME,True,False,False
600,UA03150659,8,5,6,20260315,2026-03-15 07:35:00,2026-03-15 07:59:00,7,FRA-HAM,E02,DELAYED,159,24,16-30,False,True,False
601,LH04170660,7,5,3,20260417,2026-04-17 22:40:00,2026-04-17 23:03:00,22,FRA-CDG,B09,DELAYED,65,23,16-30,False,True,False
602,KL02070663,6,5,2,20260207,2026-02-07 16:50:00,2026-02-07 17:31:00,16,FRA-BER,A18,DELAYED,201,41,31-60,False,True,False
603,BA06270664,2,5,4,20260627,2026-06-27 09:40:00,2026-06-27 12:06:00,9,FRA-DXB,D04,DELAYED,119,146,120+,False,True,False
604,KL02170665,6,5,1,20260217,2026-02-17 12:20:00,2026-02-17 12:05:00,12,FRA-AMS,E02,ON_TIME,284,0,ON_TIME,True,False,False
605,BA03190666,2,5,13,20260319,2026-03-19 08:30:00,2026-03-19 08:15:00,8,FRA-ZRH,D04,ON_TIME,129,0,ON_TIME,True,False,False
606,EK01020667,4,5,6,20260102,2026-01-02 23:20:00,2026-01-02 23:26:00,23,FRA-HAM,Z15,ON_TIME,130,6,ON_TIME,True,False,False
607,IB06260668,5,5,1,20260626,2026-06-26 09:15:00,2026-06-26 09:03:00,9,FRA-AMS,B09,ON_TIME,114,0,ON_TIME,True,False,False
608,LH06080669,7,5,9,20260608,2026-06-08 13:15:00,2026-06-08 13:14:00,13,FRA-MAD,B03,ON_TIME,324,0,ON_TIME,True,False,False
609,KL01060670,6,5,8,20260106,2026-01-06 08:20:00,2026-01-06 09:03:00,8,FRA-LHR,E02,DELAYED,99,43,31-60,False,True,False
610,UA05060671,8,5,8,20260506,2026-05-06 16:25:00,2026-05-06 17:28:00,16,FRA-LHR,C07,DELAYED,130,63,61-120,False,True,False
611,EK04060672,4,5,9,20260406,2026-04-06 05:50:00,2026-04-06 05:46:00,5,FRA-MAD,E02,ON_TIME,283,0,ON_TIME,True,False,False
612,DE04240673,3,5,8,20260424,2026-04-24 19:15:00,2026-04-24 19:51:00,19,FRA-LHR,A18,DELAYED,267,36,31-60,False,True,False
613,DE02230674,3,5,6,20260223,2026-02-23 15:15:00,2026-02-23 15:00:00,15,FRA-HAM,A12,ON_TIME,226,0,ON_TIME,True,False,False
614,UA01020675,8,5,10,20260102,2026-01-02 18:50:00,2026-01-02 18:35:00,18,FRA-MUC,B03,ON_TIME,125,0,ON_TIME,True,False,False
615,BA03160676,2,5,9,20260316,2026-03-16 23:15:00,,23,FRA-MAD,B09,CANCELLED,18,0,CANCELLED,False,False,True
616,IB04290677,5,5,13,20260429,2026-04-29 12:30:00,2026-04-29 12:56:00,12,FRA-ZRH,A12,DELAYED,296,26,16-30,False,True,False
617,KL02150678,6,5,9,20260215,2026-02-15 20:45:00,,20,FRA-MAD,A12,CANCELLED,15,0,CANCELLED,False,False,True
618,EK05040679,4,5,11,20260504,2026-05-04 18:50:00,2026-05-04 18:35:00,18,FRA-PMI,Z15,ON_TIME,317,0,ON_TIME,True,False,False
619,LH02110680,7,5,3,20260211,2026-02-11 06:40:00,2026-02-11 07:00:00,6,FRA-CDG,B16,DELAYED,124,20,16-30,False,True,False
620,AF02160682,1,5,7,20260216,2026-02-16 09:25:00,2026-02-16 09:37:00,9,FRA-JFK,B09,ON_TIME,216,12,ON_TIME,True,False,False
621,KL06280683,6,5,7,20260628,2026-06-28 16:35:00,2026-06-28 16:41:00,16,FRA-JFK,B16,ON_TIME,199,6,ON_TIME,True,False,False
622,DE04280685,3,5,9,20260428,2026-04-28 07:35:00,2026-04-28 08:13:00,7,FRA-MAD,A18,DELAYED,240,38,31-60,False,True,False
623,IB05140686,5,5,11,20260514,2026-05-14 15:40:00,2026-05-14 18:10:00,15,FRA-PMI,B03,DELAYED,115,150,120+,False,True,False
624,LH04210688,7,5,12,20260421,2026-04-21 06:45:00,2026-04-21 07:06:00,6,FRA-VIE,Z15,DELAYED,317,21,16-30,False,True,False
625,LH01310689,7,5,12,20260131,2026-01-31 13:30:00,2026-01-31 13:24:00,13,FRA-VIE,Z15,ON_TIME,160,0,ON_TIME,True,False,False
626,AF06210690,1,5,6,20260621,2026-06-21 16:30:00,2026-06-21 16:15:00,16,FRA-HAM,Z15,ON_TIME,197,0,ON_TIME,True,False,False
627,EK02110691,4,5,1,20260211,2026-02-11 22:25:00,2026-02-11 22:29:00,22,FRA-AMS,E02,ON_TIME,62,4,ON_TIME,True,False,False
628,AF02190692,1,5,4,20260219,2026-02-19 14:40:00,2026-02-19 14:49:00,14,FRA-DXB,B03,ON_TIME,105,9,ON_TIME,True,False,False
629,IB06280693,5,5,1,20260628,2026-06-28 11:15:00,2026-06-28 12:05:00,11,FRA-AMS,B03,DELAYED,272,50,31-60,False,True,False
630,AF01290694,1,5,9,20260129,2026-01-29 15:35:00,2026-01-29 16:17:00,15,FRA-MAD,B16,DELAYED,308,42,31-60,False,True,False
631,KL01110695,6,5,13,20260111,2026-01-11 08:00:00,2026-01-11 07:54:00,8,FRA-ZRH,B03,ON_TIME,282,0,ON_TIME,True,False,False
632,UA04200696,8,5,3,20260420,2026-04-20 11:35:00,2026-04-20 12:07:00,11,FRA-CDG,A18,DELAYED,243,32,31-60,False,True,False
633,LH05060697,7,5,7,20260506,2026-05-06 09:10:00,2026-05-06 09:19:00,9,FRA-JFK,Z15,ON_TIME,260,9,ON_TIME,True,False,False
634,DE02130698,3,5,4,20260213,2026-02-13 08:00:00,2026-02-13 08:06:00,8,FRA-DXB,A12,ON_TIME,261,6,ON_TIME,True,False,False
635,AF05080699,1,5,9,20260508,2026-05-08 14:25:00,2026-05-08 14:41:00,14,FRA-MAD,D04,DELAYED,237,16,16-30,False,True,False
636,UA05110700,8,5,12,20260511,2026-05-11 13:40:00,2026-05-11 13:25:00,13,FRA-VIE,D04,ON_TIME,183,0,ON_TIME,True,False,False
637,IB06100701,5,5,8,20260610,2026-06-10 09:30:00,2026-06-10 09:53:00,9,FRA-LHR,C07,DELAYED,146,23,16-30,False,True,False
638,EK03190702,4,5,6,20260319,2026-03-19 08:35:00,2026-03-19 08:52:00,8,FRA-HAM,D04,DELAYED,307,17,16-30,False,True,False
639,AF06190703,1,5,3,20260619,2026-06-19 21:15:00,2026-06-19 21:00:00,21,FRA-CDG,A05,ON_TIME,64,0,ON_TIME,True,False,False
640,UA04090704,8,5,10,20260409,2026-04-09 20:00:00,2026-04-09 20:02:00,20,FRA-MUC,A05,ON_TIME,73,2,ON_TIME,True,False,False
641,BA06180705,2,5,13,20260618,2026-06-18 14:40:00,2026-06-18 15:19:00,14,FRA-ZRH,Z15,DELAYED,111,39,31-60,False,True,False
642,IB05220706,5,5,7,20260522,2026-05-22 23:25:00,2026-05-23 00:07:00,23,FRA-JFK,E02,DELAYED,135,42,31-60,False,True,False
643,LH03090707,7,5,9,20260309,2026-03-09 21:25:00,2026-03-09 21:22:00,21,FRA-MAD,A05,ON_TIME,219,0,ON_TIME,True,False,False
644,LH01120708,7,5,11,20260112,2026-01-12 10:00:00,2026-01-12 09:59:00,10,FRA-PMI,B16,ON_TIME,68,0,ON_TIME,True,False,False
645,UA04200709,8,5,10,20260420,2026-04-20 17:00:00,2026-04-20 17:31:00,17,FRA-MUC,Z15,DELAYED,214,31,31-60,False,True,False
646,DE01170710,3,5,4,20260117,2026-01-17 14:35:00,2026-01-17 16:21:00,14,FRA-DXB,D04,DELAYED,74,106,61-120,False,True,False
647,UA05120711,8,5,11,20260512,2026-05-12 18:50:00,,18,FRA-PMI,C07,CANCELLED,18,0,CANCELLED,False,False,True
648,EK01260712,4,5,11,20260126,2026-01-26 20:35:00,2026-01-26 20:50:00,20,FRA-PMI,E02,ON_TIME,309,15,ON_TIME,True,False,False
649,EK06070713,4,5,6,20260607,2026-06-07 15:00:00,2026-06-07 15:24:00,15,FRA-HAM,E02,DELAYED,93,24,16-30,False,True,False
650,AF03090714,1,5,3,20260309,2026-03-09 06:50:00,2026-03-09 07:37:00,6,FRA-CDG,Z15,DELAYED,170,47,31-60,False,True,False
651,DE05290715,3,5,4,20260529,2026-05-29 09:25:00,2026-05-29 10:18:00,9,FRA-DXB,B16,DELAYED,162,53,31-60,False,True,False
652,DE03190716,3,5,7,20260319,2026-03-19 21:50:00,2026-03-19 22:22:00,21,FRA-JFK,C07,DELAYED,157,32,31-60,False,True,False
653,UA06090717,8,5,3,20260609,2026-06-09 22:15:00,2026-06-09 22:00:00,22,FRA-CDG,A18,ON_TIME,319,0,ON_TIME,True,False,False
654,IB06190718,5,5,8,20260619,2026-06-19 19:50:00,2026-06-19 19:49:00,19,FRA-LHR,Z15,ON_TIME,277,0,ON_TIME,True,False,False
655,LH02210719,7,5,13,20260221,2026-02-21 17:15:00,2026-02-21 17:50:00,17,FRA-ZRH,C07,DELAYED,277,35,31-60,False,True,False
656,EK06120720,4,5,10,20260612,2026-06-12 12:10:00,2026-06-12 12:54:00,12,FRA-MUC,B09,DELAYED,137,44,31-60,False,True,False
657,AF03030721,1,5,9,20260303,2026-03-03 08:40:00,2026-03-03 08:55:00,8,FRA-MAD,C07,ON_TIME,278,15,ON_TIME,True,False,False
658,LH02100722,7,5,8,20260210,2026-02-10 13:40:00,,13,FRA-LHR,E02,CANCELLED,8,0,CANCELLED,False,False,True
659,BA01110723,2,5,7,20260111,2026-01-11 20:30:00,2026-01-11 21:01:00,20,FRA-JFK,C07,DELAYED,87,31,31-60,False,True,False
660,EK06180724,4,5,7,20260618,2026-06-18 08:10:00,2026-06-18 08:11:00,8,FRA-JFK,B03,ON_TIME,126,1,ON_TIME,True,False,False
661,AF02010726,1,5,11,20260201,2026-02-01 16:00:00,2026-02-01 15:54:00,16,FRA-PMI,C07,ON_TIME,175,0,ON_TIME,True,False,False
662,AF01280727,1,5,6,20260128,2026-01-28 10:45:00,2026-01-28 10:42:00,10,FRA-HAM,E02,ON_TIME,306,0,ON_TIME,True,False,False
663,EK01290728,4,5,4,20260129,2026-01-29 16:20:00,2026-01-29 16:41:00,16,FRA-DXB,A18,DELAYED,197,21,16-30,False,True,False
664,EK04050729,4,5,12,20260405,2026-04-05 14:30:00,2026-04-05 14:49:00,14,FRA-VIE,B03,DELAYED,82,19,16-30,False,True,False
665,KL04090730,6,5,13,20260409,2026-04-09 15:00:00,2026-04-09 15:10:00,15,FRA-ZRH,B03,ON_TIME,328,10,ON_TIME,True,False,False
666,IB01030731,5,5,9,20260103,2026-01-03 17:50:00,2026-01-03 18:41:00,17,FRA-MAD,D04,DELAYED,137,51,31-60,False,True,False
667,EK04150732,4,5,7,20260415,2026-04-15 06:50:00,2026-04-15 06:48:00,6,FRA-JFK,D04,ON_TIME,306,0,ON_TIME,True,False,False
668,UA04190733,8,5,1,20260419,2026-04-19 08:40:00,2026-04-19 08:32:00,8,FRA-AMS,D04,ON_TIME,222,0,ON_TIME,True,False,False
669,LH06140734,7,5,2,20260614,2026-06-14 11:15:00,2026-06-14 11:28:00,11,FRA-BER,B03,ON_TIME,260,13,ON_TIME,True,False,False
670,KL05280735,6,5,1,20260528,2026-05-28 07:35:00,2026-05-28 07:20:00,7,FRA-AMS,Z15,ON_TIME,121,0,ON_TIME,True,False,False
671,UA04260736,8,5,1,20260426,2026-04-26 20:40:00,2026-04-26 20:47:00,20,FRA-AMS,B09,ON_TIME,222,7,ON_TIME,True,False,False
672,AF04170737,1,5,10,20260417,2026-04-17 16:40:00,2026-04-17 16:25:00,16,FRA-MUC,A05,ON_TIME,65,0,ON_TIME,True,False,False
673,UA03080739,8,5,11,20260308,2026-03-08 09:35:00,2026-03-08 11:56:00,9,FRA-PMI,D04,DELAYED,277,141,120+,False,True,False
674,IB02270740,5,5,10,20260227,2026-02-27 11:45:00,2026-02-27 12:26:00,11,FRA-MUC,B09,DELAYED,191,41,31-60,False,True,False
675,IB02030741,5,5,9,20260203,2026-02-03 18:45:00,2026-02-03 19:19:00,18,FRA-MAD,A18,DELAYED,269,34,31-60,False,True,False
676,UA01080742,8,5,6,20260108,2026-01-08 14:50:00,2026-01-08 15:03:00,14,FRA-HAM,B16,ON_TIME,182,13,ON_TIME,True,False,False
677,IB01030743,5,5,10,20260103,2026-01-03 20:40:00,2026-01-03 21:18:00,20,FRA-MUC,C07,DELAYED,251,38,31-60,False,True,False
678,KL01250744,6,5,10,20260125,2026-01-25 22:30:00,2026-01-25 22:40:00,22,FRA-MUC,B16,ON_TIME,296,10,ON_TIME,True,False,False
679,LH03060745,7,5,2,20260306,2026-03-06 22:25:00,2026-03-06 23:14:00,22,FRA-BER,Z15,DELAYED,76,49,31-60,False,True,False
680,EK05160747,4,5,4,20260516,2026-05-16 18:40:00,2026-05-16 18:28:00,18,FRA-DXB,B16,ON_TIME,198,0,ON_TIME,True,False,False
681,UA03090748,8,5,3,20260309,2026-03-09 14:20:00,2026-03-09 15:35:00,14,FRA-CDG,D04,DELAYED,216,75,61-120,False,True,False
682,BA06180749,2,5,13,20260618,2026-06-18 19:30:00,2026-06-18 19:58:00,19,FRA-ZRH,D04,DELAYED,138,28,16-30,False,True,False
683,UA05070750,8,5,10,20260507,2026-05-07 07:15:00,2026-05-07 07:34:00,7,FRA-MUC,D04,DELAYED,303,19,16-30,False,True,False
684,IB02070751,5,5,10,20260207,2026-02-07 09:00:00,2026-02-07 09:24:00,9,FRA-MUC,B09,DELAYED,315,24,16-30,False,True,False
685,AF01020752,1,5,11,20260102,2026-01-02 22:25:00,2026-01-02 22:28:00,22,FRA-PMI,D04,ON_TIME,181,3,ON_TIME,True,False,False
686,DE01070753,3,5,1,20260107,2026-01-07 14:35:00,2026-01-07 14:20:00,14,FRA-AMS,A05,ON_TIME,133,0,ON_TIME,True,False,False
687,LH06090755,7,5,7,20260609,2026-06-09 20:00:00,2026-06-09 21:06:00,20,FRA-JFK,B03,DELAYED,121,66,61-120,False,True,False
688,LH03140756,7,5,7,20260314,2026-03-14 15:30:00,2026-03-14 15:44:00,15,FRA-JFK,A12,ON_TIME,250,14,ON_TIME,True,False,False
689,UA02150757,8,5,3,20260215,2026-02-15 13:10:00,2026-02-15 13:33:00,13,FRA-CDG,A18,DELAYED,200,23,16-30,False,True,False
690,EK02210759,4,5,13,20260221,2026-02-21 21:15:00,2026-02-21 21:00:00,21,FRA-ZRH,B16,ON_TIME,271,0,ON_TIME,True,False,False
691,BA06110760,2,5,9,20260611,2026-06-11 18:35:00,,18,FRA-MAD,B03,CANCELLED,14,0,CANCELLED,False,False,True
692,BA05150761,2,5,12,20260515,2026-05-15 21:35:00,2026-05-15 21:20:00,21,FRA-VIE,A18,ON_TIME,131,0,ON_TIME,True,False,False
693,KL05140762,6,5,8,20260514,2026-05-14 18:50:00,2026-05-14 19:24:00,18,FRA-LHR,E02,DELAYED,78,34,31-60,False,True,False
694,DE04190763,3,5,13,20260419,2026-04-19 18:35:00,2026-04-19 18:41:00,18,FRA-ZRH,E02,ON_TIME,96,6,ON_TIME,True,False,False
695,LH06190764,7,5,10,20260619,2026-06-19 19:40:00,2026-06-19 19:25:00,19,FRA-MUC,A12,ON_TIME,78,0,ON_TIME,True,False,False
696,UA03180765,8,5,4,20260318,2026-03-18 16:25:00,2026-03-18 16:40:00,16,FRA-DXB,A18,ON_TIME,229,15,ON_TIME,True,False,False
697,AF01210766,1,5,6,20260121,2026-01-21 13:35:00,2026-01-21 14:58:00,13,FRA-HAM,A05,DELAYED,114,83,61-120,False,True,False
698,BA05030767,2,5,7,20260503,2026-05-03 20:10:00,2026-05-03 20:56:00,20,FRA-JFK,C07,DELAYED,239,46,31-60,False,True,False
699,KL02020768,6,5,10,20260202,2026-02-02 09:30:00,2026-02-02 09:37:00,9,FRA-MUC,A05,ON_TIME,151,7,ON_TIME,True,False,False
700,AF06160769,1,5,12,20260616,2026-06-16 09:45:00,2026-06-16 09:30:00,9,FRA-VIE,D04,ON_TIME,209,0,ON_TIME,True,False,False
701,BA04190770,2,5,12,20260419,2026-04-19 05:35:00,2026-04-19 05:20:00,5,FRA-VIE,D04,ON_TIME,282,0,ON_TIME,True,False,False
702,IB04260771,5,5,2,20260426,2026-04-26 12:45:00,2026-04-26 13:10:00,12,FRA-BER,C07,DELAYED,107,25,16-30,False,True,False
703,UA05290772,8,5,12,20260529,2026-05-29 22:50:00,,22,FRA-VIE,Z15,CANCELLED,16,0,CANCELLED,False,False,True
704,IB01160773,5,5,8,20260116,2026-01-16 21:30:00,2026-01-16 21:41:00,21,FRA-LHR,D04,ON_TIME,268,11,ON_TIME,True,False,False
705,DE06090774,3,5,12,20260609,2026-06-09 17:15:00,2026-06-09 18:58:00,17,FRA-VIE,D04,DELAYED,153,103,61-120,False,True,False
706,EK03010775,4,5,12,20260301,2026-03-01 21:45:00,2026-03-01 21:37:00,21,FRA-VIE,A18,ON_TIME,294,0,ON_TIME,True,False,False
707,KL04100776,6,5,4,20260410,2026-04-10 19:00:00,2026-04-10 18:45:00,19,FRA-DXB,Z15,ON_TIME,137,0,ON_TIME,True,False,False
708,AF06260777,1,5,3,20260626,2026-06-26 08:15:00,2026-06-26 08:39:00,8,FRA-CDG,D04,DELAYED,267,24,16-30,False,True,False
709,KL02230778,6,5,8,20260223,2026-02-23 22:30:00,2026-02-23 23:15:00,22,FRA-LHR,B16,DELAYED,188,45,31-60,False,True,False
710,BA05090779,2,5,6,20260509,2026-05-09 06:35:00,2026-05-09 07:02:00,6,FRA-HAM,B09,DELAYED,304,27,16-30,False,True,False
711,LH01270782,7,5,13,20260127,2026-01-27 10:35:00,2026-01-27 10:20:00,10,FRA-ZRH,B09,ON_TIME,135,0,ON_TIME,True,False,False
712,IB05080783,5,5,13,20260508,2026-05-08 08:40:00,2026-05-08 08:47:00,8,FRA-ZRH,C07,ON_TIME,279,7,ON_TIME,True,False,False
713,LH05020784,7,5,8,20260502,2026-05-02 15:50:00,2026-05-02 16:15:00,15,FRA-LHR,C07,DELAYED,245,25,16-30,False,True,False
714,EK06200785,4,5,7,20260620,2026-06-20 12:40:00,2026-06-20 12:25:00,12,FRA-JFK,C07,ON_TIME,274,0,ON_TIME,True,False,False
715,UA05130786,8,5,12,20260513,2026-05-13 16:30:00,2026-05-13 16:36:00,16,FRA-VIE,A12,ON_TIME,319,6,ON_TIME,True,False,False
716,DE03220787,3,5,1,20260322,2026-03-22 17:40:00,2026-03-22 17:49:00,17,FRA-AMS,Z15,ON_TIME,132,9,ON_TIME,True,False,False
717,LH06190788,7,5,7,20260619,2026-06-19 21:50:00,2026-06-19 22:08:00,21,FRA-JFK,B16,DELAYED,210,18,16-30,False,True,False
718,EK03130789,4,5,2,20260313,2026-03-13 22:25:00,2026-03-13 22:31:00,22,FRA-BER,B16,ON_TIME,281,6,ON_TIME,True,False,False
719,UA03190790,8,5,8,20260319,2026-03-19 07:30:00,2026-03-19 07:19:00,7,FRA-LHR,E02,ON_TIME,119,0,ON_TIME,True,False,False
720,KL04190792,6,5,4,20260419,2026-04-19 21:35:00,2026-04-19 22:18:00,21,FRA-DXB,E02,DELAYED,187,43,31-60,False,True,False
721,EK01130793,4,5,10,20260113,2026-01-13 09:15:00,2026-01-13 09:27:00,9,FRA-MUC,Z15,ON_TIME,328,12,ON_TIME,True,False,False
722,AF03180794,1,5,1,20260318,2026-03-18 15:25:00,2026-03-18 15:13:00,15,FRA-AMS,B03,ON_TIME,321,0,ON_TIME,True,False,False
723,DE05130795,3,5,1,20260513,2026-05-13 12:00:00,2026-05-13 12:29:00,12,FRA-AMS,A05,DELAYED,102,29,16-30,False,True,False
724,UA05020796,8,5,6,20260502,2026-05-02 12:15:00,2026-05-02 12:49:00,12,FRA-HAM,Z15,DELAYED,261,34,31-60,False,True,False
725,UA05300797,8,5,3,20260530,2026-05-30 21:10:00,2026-05-30 21:02:00,21,FRA-CDG,A18,ON_TIME,268,0,ON_TIME,True,False,False
726,BA02020798,2,5,13,20260202,2026-02-02 21:15:00,2026-02-02 21:00:00,21,FRA-ZRH,A12,ON_TIME,325,0,ON_TIME,True,False,False
727,AF05020799,1,5,12,20260502,2026-05-02 06:40:00,2026-05-02 06:25:00,6,FRA-VIE,A12,ON_TIME,264,0,ON_TIME,True,False,False
728,DE05270800,3,5,1,20260527,2026-05-27 14:30:00,2026-05-27 15:27:00,14,FRA-AMS,B16,DELAYED,211,57,31-60,False,True,False
