source_row_number,flight_id,airline,origin,destination,scheduled_time,actual_time,passengers,status,gate,rejection_reason
4,IB03130003,Iberia,FRA,PMI,2026-03-13 05:40:00,2026-03-13 05:47:00,-3,ON_TIME,A12,passengers must be a non-negative integer
27,UA04100025,Air France,FRA,CDG,2026-02-25 07:25:00,2026-02-25 08:35:00,84,DELAYED,A05,duplicate flight_id
30,KL06210029,KLM,FRA,FRA,2026-06-21 15:45:00,2026-06-21 16:23:00,92,DELAYED,A05,origin equals destination
47,KL05210046,KLM,FR,MAD,2026-05-21 05:50:00,2026-05-21 05:59:00,219,ON_TIME,D04,invalid origin
48,KL05210046,Iberia,FRA,VIE,2026-06-22 12:20:00,2026-06-22 13:09:00,98,DELAYED,B09,duplicate flight_id
51,BA06260050,,FRA,JFK,2026-06-26 05:35:00,2026-06-26 05:32:00,320,ON_TIME,D04,missing airline
71,UA05230069,Air France,FRA,CDG,2026-06-19 17:15:00,2026-06-19 17:31:00,224,DELAYED,B16,duplicate flight_id
92,KL03290091,KLM,FRA,MAD,2026-03-29 21:50:00,2026-03-29 22:00:00,305,BOARDING,A18,invalid status
93,,Iberia,FRA,ZRH,2026-05-04 17:00:00,2026-05-04 17:34:00,288,DELAYED,B16,missing flight_id
127,DE05230126,Condor,FRA,AMS,2026-05-23 16:35:00,2026-05-23 17:14:00,274,BOARDING,E02,invalid status
128,LH06180127,,FRA,PMI,2026-06-18 13:30:00,2026-06-18 13:38:00,58,ON_TIME,A18,missing airline
137,DE01280136,Condor,FRA,MAD,2026-01-28 13:10:00,,257,DELAYED,B09,actual_time required for non-cancelled flight
143,UA05290142,United Airlines,FRA,VIE,2026-05-29 22:30:00,2026-05-29 22:36:00,151,BOARDING,B16,invalid status
147,DE06190146,Condor,FRA,PMI,2026-06-19 10:00:00,,255,DELAYED,A18,actual_time required for non-cancelled flight
148,DE05240147,Condor,FRA,CDG,,2026-05-24 17:52:00,324,ON_TIME,A12,invalid scheduled_time
154,UA02210153,United Airlines,FRA,HAM,2026-02-21 09:50:00,2026-02-21 09:41:00,-18,ON_TIME,A12,passengers must be a non-negative integer
171,BA06230170,,FRA,PMI,2026-06-23 19:30:00,2026-06-23 20:00:00,242,DELAYED,B16,missing airline
189,IB02250188,Iberia,FRA,FRA,2026-02-25 16:30:00,2026-02-25 16:25:00,295,ON_TIME,B09,origin equals destination
222,UA04070221,United Airlines,FR,VIE,2026-04-07 17:35:00,2026-04-07 17:33:00,233,ON_TIME,A12,invalid origin
240,BA02250239,British Airways,FRA,BER,2026-02-25 22:15:00,2026-02-25 22:03:00,-19,ON_TIME,D04,passengers must be a non-negative integer
286,KL04050285,KLM,FRA,DXB,2026-04-05 20:15:00,,289,DELAYED,B16,actual_time required for non-cancelled flight
292,UA03200290,Iberia,FRA,MUC,2026-02-03 13:20:00,2026-02-03 14:11:00,271,DELAYED,A18,duplicate flight_id
303,DE02220301,United Airlines,FRA,DXB,2026-03-03 06:45:00,2026-03-03 06:38:00,287,ON_TIME,Z15,duplicate flight_id
312,,Air France,FRA,VIE,2026-04-05 20:45:00,2026-04-05 20:30:00,264,ON_TIME,A05,missing flight_id
314,,Condor,FRA,LHR,2026-05-16 13:10:00,2026-05-16 14:40:00,102,DELAYED,A05,missing flight_id
318,DE01280317,Condor,FRA,HAM,2026-01-28 11:15:00,,161,DELAYED,D04,actual_time required for non-cancelled flight
319,KL03090318,KLM,FRA,VIE,2026-03-09 08:35:00,2026-03-09 09:05:00,-7,DELAYED,B03,passengers must be a non-negative integer
335,EK05240334,,FRA,HAM,2026-05-24 16:45:00,2026-05-24 17:11:00,248,DELAYED,B09,missing airline
347,,Iberia,FRA,VIE,2026-03-09 12:50:00,2026-03-09 13:21:00,104,DELAYED,A12,missing flight_id
349,AF03180348,,FRA,VIE,2026-03-18 08:10:00,2026-03-18 08:43:00,312,DELAYED,Z15,missing airline
359,,Air France,FRA,BER,2026-04-27 07:00:00,2026-04-27 06:45:00,292,ON_TIME,E02,missing flight_id
388,BA03160386,British Airways,FRA,JFK,2026-06-15 11:00:00,2026-06-15 10:45:00,102,ON_TIME,B16,duplicate flight_id
398,KL05240397,KLM,FRA,ZRH,2026-05-24 12:15:00,,287,DELAYED,B16,actual_time required for non-cancelled flight
406,KL05210405,KLM,FRA,DXB,2026-05-21 16:20:00,2026-05-21 16:44:00,231,BOARDING,A18,invalid status
421,LH01170420,Lufthansa,FRA,JFK,,2026-01-17 12:04:00,108,DELAYED,B03,invalid scheduled_time
429,UA05120428,United Airlines,FRA,FRA,2026-05-12 09:40:00,2026-05-12 10:02:00,184,DELAYED,B03,origin equals destination
433,EK02260432,Emirates,FRA,LHR,2026-02-26 18:50:00,2026-02-26 18:46:00,224,BOARDING,D04,invalid status
455,DE04200454,Condor,FRA,FRA,2026-04-20 13:50:00,2026-04-20 14:16:00,242,DELAYED,Z15,origin equals destination
461,LH06130460,Lufthansa,FRA,HAM,2026-06-13 21:15:00,,25,DELAYED,E02,actual_time required for non-cancelled flight
462,KL01090461,KLM,FRA,FRA,2026-01-09 22:20:00,2026-01-09 22:07:00,55,ON_TIME,A18,origin equals destination
465,UA01020464,,FRA,PMI,2026-01-02 13:40:00,2026-01-02 13:50:00,92,ON_TIME,E02,missing airline
473,LH01110471,British Airways,FRA,ZRH,2026-03-13 17:45:00,2026-03-13 18:02:00,324,DELAYED,C07,duplicate flight_id
488,UA01220487,United Airlines,FR,ZRH,2026-01-22 08:50:00,2026-01-22 09:52:00,172,DELAYED,B03,invalid origin
494,KL03010493,KLM,FRA,PMI,,2026-03-01 06:08:00,138,ON_TIME,C07,invalid scheduled_time
499,IB01090498,Iberia,FR,DXB,2026-01-09 15:35:00,2026-01-09 15:51:00,83,DELAYED,B09,invalid origin
502,IB06240501,Iberia,FRA,MAD,2026-06-24 15:00:00,,117,DELAYED,B09,actual_time required for non-cancelled flight
518,EK04280517,,FRA,JFK,2026-04-28 18:35:00,2026-04-28 18:59:00,135,DELAYED,E02,missing airline
555,,Condor,FRA,HAM,2026-05-30 22:40:00,2026-05-30 22:25:00,67,ON_TIME,A18,missing flight_id
562,KL06100561,,FRA,PMI,2026-06-10 22:45:00,2026-06-11 00:09:00,207,DELAYED,B16,missing airline
576,IB02250575,Iberia,FRA,CDG,2026-02-25 21:50:00,2026-02-25 21:59:00,-19,ON_TIME,D04,passengers must be a non-negative integer
581,BA03120580,British Airways,FRA,HAM,2026-03-12 08:30:00,2026-03-12 09:05:00,107,BOARDING,B03,invalid status
587,BA03080586,British Airways,FR,PMI,2026-03-08 17:10:00,2026-03-08 16:55:00,224,ON_TIME,B16,invalid origin
588,IB01080587,Iberia,FRA,VIE,2026-01-08 08:15:00,,233,DELAYED,Z15,actual_time required for non-cancelled flight
605,LH05170604,Lufthansa,FRA,AMS,2026-05-17 06:15:00,2026-05-17 06:00:00,-18,ON_TIME,C07,passengers must be a non-negative integer
622,UA06070621,United Airlines,FRA,LHR,,2026-06-07 09:36:00,183,DELAYED,D04,invalid scheduled_time
640,EK05100639,Emirates,FRA,FRA,2026-05-10 13:15:00,2026-05-10 13:19:00,131,ON_TIME,D04,origin equals destination
641,EK05100639,Iberia,FRA,HAM,2026-02-10 06:30:00,2026-02-10 06:28:00,277,ON_TIME,B09,duplicate flight_id
647,IB02130646,Iberia,FRA,FRA,2026-02-13 15:45:00,2026-02-13 16:25:00,142,DELAYED,Z15,origin equals destination
653,,Iberia,FRA,HAM,2026-04-14 11:00:00,2026-04-14 11:49:00,55,DELAYED,A12,missing flight_id
662,AF01060661,Air France,FRA,MUC,2026-01-06 13:20:00,2026-01-06 13:15:00,222,BOARDING,D04,invalid status
663,IB03190662,Iberia,FRA,VIE,2026-03-19 09:50:00,2026-03-19 10:16:00,-2,DELAYED,B16,passengers must be a non-negative integer
682,BA03110681,British Airways,FR,BER,2026-03-11 17:10:00,2026-03-11 17:31:00,94,DELAYED,E02,invalid origin
685,IB03290684,Iberia,FRA,MAD,,2026-03-29 11:00:00,151,DELAYED,E02,invalid scheduled_time
688,BA02060687,British Airways,FR,DXB,2026-02-06 12:50:00,2026-02-06 13:11:00,112,DELAYED,A12,invalid origin
726,,Condor,FRA,PMI,2026-05-09 09:20:00,2026-05-09 09:05:00,309,ON_TIME,A12,missing flight_id
739,AF04290738,Air France,FRA,FRA,2026-04-29 11:50:00,2026-04-29 12:36:00,260,DELAYED,Z15,origin equals destination
747,BA02130746,British Airways,FRA,CDG,2026-02-13 22:15:00,2026-02-13 22:24:00,122,BOARDING,A12,invalid status
755,DE06180754,Condor,FRA,VIE,,2026-06-18 21:00:00,57,ON_TIME,B16,invalid scheduled_time
759,DE05060758,Condor,FRA,CDG,,2026-05-06 18:53:00,238,ON_TIME,A12,invalid scheduled_time
781,EK01120780,Emirates,FR,AMS,2026-01-12 22:50:00,2026-01-12 23:15:00,318,DELAYED,Z15,invalid origin
782,DE01130781,Condor,FRA,DXB,2026-01-13 20:15:00,2026-01-13 20:31:00,-20,DELAYED,E02,passengers must be a non-negative integer
792,KL01240791,KLM,FRA,LHR,,2026-01-25 00:42:00,187,DELAYED,B03,invalid scheduled_time
