flight_id,airline,origin,destination,scheduled_time,actual_time,passengers,status,gate
DE03120001,Condor,FRA,BER,2026-03-12 12:45,2026-03-12 13:31,271,DELAYED,A05
LH02250002,Lufthansa,FRA,MUC,2026-02-25 13:20,2026-02-25 13:58,269,DELAYED,B03
IB03130003,Iberia,FRA,PMI,2026-03-13 05:40,2026-03-13 05:47,-3,ON_TIME,A12
DE01250004,Condor,FRA,MAD,2026-01-25 17:00,2026-01-25 17:26,290,DELAYED,E02
DE01210005,Condor,FRA,MAD,2026-01-21 22:50,2026-01-21 22:35,90,ON_TIME,A05
AF01210006,Air France,FRA,CDG,2026-01-21 12:35,2026-01-21 12:20,241,ON_TIME,A18
EK02230007,Emirates,FRA,AMS,2026-02-23 13:35,2026-02-23 14:07,249,DELAYED,B09
AF03250008,Air France,FRA,JFK,2026-03-25 06:45,2026-03-25 07:33,260,DELAYED,B09
DE05260009,Condor,FRA,LHR,2026-05-26 15:45,2026-05-26 15:30,190,ON_TIME,A18
AF05240010,Air France,FRA,DXB,2026-05-24 22:50,2026-05-24 23:36,259,DELAYED,B16
AF05110011,Air France,FRA,HAM,2026-05-11 20:35,2026-05-11 20:58,271,DELAYED,Z15
DE04080012,Condor,FRA,MAD,2026-04-08 20:20,2026-04-08 20:23,60,ON_TIME,A12
KL03290013,KLM,FRA,JFK,2026-03-29 08:50,2026-03-29 08:35,189,ON_TIME,E02
BA01280014,British Airways,FRA,ZRH,2026-01-28 15:20,2026-01-28 15:51,137,DELAYED,E02
LH03240015,Lufthansa,FRA,PMI,2026-03-24 20:30,2026-03-24 20:15,177,ON_TIME,A05
AF01210016,Air France,FRA,PMI,2026-01-21 08:15,2026-01-21 09:22,327,DELAYED,A18
BA05020017,British Airways,FRA,JFK,2026-05-02 22:40,2026-05-02 23:12,157,DELAYED,B09
UA06160018,United Airlines,FRA,JFK,2026-06-16 17:15,2026-06-16 17:11,181,ON_TIME,B03
DE01060019,Condor,FRA,AMS,2026-01-06 22:45,2026-01-07 00:30,71,DELAYED,B16
DE03020020,Condor,FRA,ZRH,2026-03-02 14:15,2026-03-02 14:31,297,DELAYED,B03
IB02180021,Iberia,FRA,MAD,2026-02-18 08:35,2026-02-18 08:34,82,ON_TIME,A12
LH03280022,Lufthansa,FRA,MAD,2026-03-28 08:45,2026-03-28 09:19,126,DELAYED,C07
BA04290023,British Airways,FRA,CDG,2026-04-29 12:35,2026-04-29 15:03,62,DELAYED,A12
AF04150024,Air France,FRA,HAM,2026-04-15 21:15,2026-04-15 21:06,85,ON_TIME,A18
UA04100025,United Airlines,FRA,BER,2026-04-10 14:15,2026-04-10 14:16,304,ON_TIME,A18
UA04100025,Air France,FRA,CDG,2026-02-25 07:25,2026-02-25 08:35,84,DELAYED,A05
IB05160027,Iberia,FRA,ZRH,2026-05-16 10:30,2026-05-16 10:57,175,DELAYED,C07
DE03050028,Condor,FRA,PMI,2026-03-05 07:25,2026-03-05 07:46,322,DELAYED,B16
KL06210029,KLM,FRA,FRA,2026-06-21 15:45,2026-06-21 16:23,92,DELAYED,A05
IB05250030,Iberia,FRA,PMI,2026-05-25 08:35,2026-05-25 09:14,122,DELAYED,B16
DE04050031,Condor,FRA,LHR,2026-04-05 14:40,2026-04-05 14:34,325,ON_TIME,A05
KL01270032,KLM,FRA,JFK,2026-01-27 09:50,2026-01-27 09:59,134,ON_TIME,B09
KL02230033,KLM,FRA,PMI,2026-02-23 15:45,2026-02-23 16:16,81,DELAYED,A12
UA01120034,United Airlines,FRA,CDG,2026-01-12 06:00,2026-01-12 05:51,189,ON_TIME,A18
IB04200035,Iberia,FRA,ZRH,2026-04-20 22:30,2026-04-20 23:19,73,DELAYED,B16
BA02020036,British Airways,FRA,MAD,2026-02-02 06:50,2026-02-02 06:52,75,ON_TIME,B16
AF03050037,Air France,FRA,JFK,2026-03-05 09:00,2026-03-05 09:32,134,DELAYED,B03
BA04160038,British Airways,FRA,HAM,2026-04-16 05:40,2026-04-16 05:38,265,ON_TIME,B03
KL06290039,KLM,FRA,HAM,2026-06-29 09:10,2026-06-29 09:35,290,DELAYED,B16
KL02270040,KLM,FRA,LHR,2026-02-27 05:45,2026-02-27 05:46,90,ON_TIME,B09
EK05110041,Emirates,FRA,JFK,2026-05-11 18:20,2026-05-11 19:22,190,DELAYED,A05
DE04220042,Condor,FRA,PMI,2026-04-22 17:00,2026-04-22 17:22,114,DELAYED,C07
AF01120043,Air France,FRA,CDG,2026-01-12 18:30,2026-01-12 18:57,155,DELAYED,B16
UA06200044,United Airlines,FRA,MUC,2026-06-20 16:25,2026-06-20 16:10,208,ON_TIME,E02
KL04150045,KLM,FRA,JFK,2026-04-15 16:10,2026-04-15 16:09,249,ON_TIME,A18
KL05210046,KLM,FR,MAD,2026-05-21 05:50,2026-05-21 05:59,219,ON_TIME,D04
KL05210046,Iberia,FRA,VIE,2026-06-22 12:20,2026-06-22 13:09,98,DELAYED,B09
EK03020048,Emirates,FRA,MUC,2026-03-02 14:45,2026-03-02 14:34,78,ON_TIME,B03
IB01190049,Iberia,FRA,PMI,2026-01-19 20:10,2026-01-19 19:55,259,ON_TIME,B03
BA06260050,,FRA,JFK,2026-06-26 05:35,2026-06-26 05:32,320,ON_TIME,D04
LH03050051,Lufthansa,FRA,ZRH,2026-03-05 09:15,2026-03-05 09:00,217,ON_TIME,D04
UA04250052,United Airlines,FRA,ZRH,2026-04-25 11:15,2026-04-25 11:36,196,DELAYED,E02
IB03030053,Iberia,FRA,JFK,2026-03-03 14:15,2026-03-03 14:25,96,ON_TIME,A18
BA04090054,British Airways,FRA,LHR,2026-04-09 09:45,2026-04-09 10:18,293,DELAYED,C07
LH04180055,Lufthansa,FRA,LHR,2026-04-18 18:25,2026-04-18 19:28,299,DELAYED,A05
EK04100056,Emirates,FRA,CDG,2026-04-10 19:20,2026-04-10 19:40,167,DELAYED,D04
AF04220057,Air France,FRA,CDG,2026-04-22 20:30,2026-04-22 20:23,294,ON_TIME,A18
LH06010058,Lufthansa,FRA,MAD,2026-06-01 05:35,2026-06-01 05:20,291,ON_TIME,A18
LH04080059,Lufthansa,FRA,CDG,2026-04-08 15:45,2026-04-08 15:33,270,ON_TIME,B09
DE01050060,Condor,FRA,VIE,2026-01-05 22:30,2026-01-05 23:26,90,DELAYED,A05
LH02210061,Lufthansa,FRA,LHR,2026-02-21 06:25,2026-02-21 07:04,166,DELAYED,D04
KL02120062,KLM,FRA,AMS,2026-02-12 08:40,2026-02-12 09:19,68,DELAYED,B09
UA02200063,United Airlines,FRA,MAD,2026-02-20 08:25,2026-02-20 08:31,116,ON_TIME,Z15
LH05170064,Lufthansa,FRA,AMS,2026-05-17 19:00,2026-05-17 19:06,61,ON_TIME,C07
IB04210065,Iberia,FRA,MUC,2026-04-21 17:15,2026-04-21 17:00,193,ON_TIME,Z15
IB04220066,Iberia,FRA,VIE,2026-04-22 14:00,2026-04-22 14:29,99,DELAYED,B09
IB04290067,Iberia,FRA,LHR,2026-04-29 18:00,,25,CANCELLED,B09
EK06020068,Emirates,FRA,CDG,2026-06-02 14:20,,2,CANCELLED,B03
UA05230069,United Airlines,FRA,VIE,2026-05-23 13:15,2026-05-23 13:00,168,ON_TIME,C07
UA05230069,Air France,FRA,CDG,2026-06-19 17:15,2026-06-19 17:31,224,DELAYED,B16
IB03200071,Iberia,FRA,CDG,2026-03-20 13:45,2026-03-20 14:03,149,DELAYED,B03
AF05040072,Air France,FRA,DXB,2026-05-04 14:25,2026-05-04 14:50,199,DELAYED,A12
AF02280073,Air France,FRA,CDG,2026-02-28 16:40,2026-02-28 17:42,204,DELAYED,A18
IB01040074,Iberia,FRA,MUC,2026-01-04 15:15,2026-01-04 15:17,81,ON_TIME,B09
IB01170075,Iberia,FRA,MUC,2026-01-17 18:15,2026-01-17 18:24,210,ON_TIME,A12
AF05230076,Air France,FRA,MUC,2026-05-23 19:25,2026-05-23 19:33,322,ON_TIME,C07
IB03180077,Iberia,FRA,VIE,2026-03-18 18:50,2026-03-18 20:01,161,DELAYED,B03
KL01210078,KLM,FRA,JFK,2026-01-21 10:45,2026-01-21 12:07,264,DELAYED,D04
IB01090079,Iberia,FRA,CDG,2026-01-09 12:50,2026-01-09 12:56,190,ON_TIME,Z15
AF01300080,Air France,FRA,MAD,2026-01-30 22:45,2026-01-30 22:34,127,ON_TIME,A12
LH03200081,Lufthansa,FRA,HAM,2026-03-20 15:15,2026-03-20 15:15,311,ON_TIME,E02
IB01210082,Iberia,FRA,VIE,2026-01-21 07:10,2026-01-21 06:55,68,ON_TIME,A12
AF05280083,Air France,FRA,JFK,2026-05-28 05:50,2026-05-28 06:05,281,ON_TIME,B09
BA04220084,British Airways,FRA,PMI,2026-04-22 20:35,2026-04-22 20:34,219,ON_TIME,A12
BA04160085,British Airways,FRA,AMS,2026-04-16 20:50,2026-04-16 21:31,216,DELAYED,B09
EK04140086,Emirates,FRA,MUC,2026-04-14 21:30,2026-04-14 22:08,266,DELAYED,A05
AF04030087,Air France,FRA,ZRH,2026-04-03 21:15,2026-04-03 21:38,279,DELAYED,D04
DE06110088,Condor,FRA,BER,2026-06-11 12:40,2026-06-11 15:00,102,DELAYED,B03
DE01310089,Condor,FRA,VIE,2026-01-31 10:15,2026-01-31 10:19,302,ON_TIME,D04
AF05220090,Air France,FRA,VIE,2026-05-22 10:10,2026-05-22 11:00,124,DELAYED,A12
KL03290091,KLM,FRA,MAD,2026-03-29 21:50,2026-03-29 22:00,305,BOARDING,A18
,Iberia,FRA,ZRH,2026-05-04 17:00,2026-05-04 17:34,288,DELAYED,B16
AF03030093,Air France,FRA,DXB,2026-03-03 17:45,2026-03-03 17:41,250,ON_TIME,C07
BA01100094,British Airways,FRA,VIE,2026-01-10 10:20,2026-01-10 10:45,106,DELAYED,D04
DE04270095,Condor,FRA,ZRH,2026-04-27 05:40,2026-04-27 05:46,190,ON_TIME,B16
UA01210096,United Airlines,FRA,JFK,2026-01-21 16:20,2026-01-21 16:23,304,ON_TIME,E02
LH01180097,Lufthansa,FRA,PMI,2026-01-18 12:50,2026-01-18 13:03,106,ON_TIME,D04
BA03180098,British Airways,FRA,DXB,2026-03-18 05:30,2026-03-18 06:48,246,DELAYED,C07
BA05160099,British Airways,FRA,LHR,2026-05-16 19:25,2026-05-16 19:45,250,DELAYED,Z15
AF05300100,Air France,FRA,VIE,2026-05-30 09:45,2026-05-30 10:12,185,DELAYED,A05
IB06230101,Iberia,FRA,CDG,2026-06-23 22:40,2026-06-24 00:01,272,DELAYED,B09
IB02200102,Iberia,FRA,CDG,2026-02-20 18:15,2026-02-20 18:05,238,ON_TIME,Z15
KL03170103,KLM,FRA,DXB,2026-03-17 06:10,2026-03-17 05:55,80,ON_TIME,Z15
IB02280104,Iberia,FRA,CDG,2026-02-28 16:45,2026-02-28 16:44,125,ON_TIME,A12
LH04230105,Lufthansa,FRA,CDG,2026-04-23 07:25,2026-04-23 08:15,267,DELAYED,A18
AF05190106,Air France,FRA,HAM,2026-05-19 17:20,2026-05-19 18:13,139,DELAYED,B09
IB03280107,Iberia,FRA,CDG,2026-03-28 09:15,2026-03-28 10:09,258,DELAYED,E02
EK04120108,Emirates,FRA,MUC,2026-04-12 05:50,2026-04-12 06:52,189,DELAYED,Z15
UA04060109,United Airlines,FRA,JFK,2026-04-06 08:45,2026-04-06 08:30,168,ON_TIME,A12
IB03190110,Iberia,FRA,DXB,2026-03-19 18:35,2026-03-19 18:20,210,ON_TIME,D04
DE03020111,Condor,FRA,MUC,2026-03-02 22:40,2026-03-02 22:25,269,ON_TIME,Z15
BA06170112,British Airways,FRA,MAD,2026-06-17 09:15,2026-06-17 10:11,198,DELAYED,A05
EK04240113,Emirates,FRA,LHR,2026-04-24 19:45,2026-04-24 20:29,238,DELAYED,A05
UA02180114,United Airlines,FRA,CDG,2026-02-18 09:15,2026-02-18 09:50,65,DELAYED,A05
EK02020115,Emirates,FRA,LHR,2026-02-02 11:35,2026-02-02 11:20,174,ON_TIME,B16
BA01010116,British Airways,FRA,PMI,2026-01-01 13:40,2026-01-01 13:43,144,ON_TIME,A12
LH01040117,Lufthansa,FRA,HAM,2026-01-04 16:45,2026-01-04 17:18,270,DELAYED,E02
DE01170118,Condor,FRA,DXB,2026-01-17 21:15,2026-01-17 21:31,110,DELAYED,D04
AF01120119,Air France,FRA,PMI,2026-01-12 21:50,2026-01-12 22:12,260,DELAYED,C07
DE04240120,Condor,FRA,VIE,2026-04-24 07:35,2026-04-24 07:47,119,ON_TIME,B09
EK06020121,Emirates,FRA,MAD,2026-06-02 21:50,2026-06-02 21:55,165,ON_TIME,C07
IB04160122,Iberia,FRA,LHR,2026-04-16 16:15,2026-04-16 16:22,215,ON_TIME,C07
EK03070123,Emirates,FRA,JFK,2026-03-07 16:40,2026-03-07 16:44,276,ON_TIME,A12
EK05230124,Emirates,FRA,HAM,2026-05-23 07:25,2026-05-23 07:41,117,DELAYED,C07
EK04190125,Emirates,FRA,JFK,2026-04-19 06:50,2026-04-19 06:45,301,ON_TIME,B03
DE05230126,Condor,FRA,AMS,2026-05-23 16:35,2026-05-23 17:14,274,BOARDING,E02
LH06180127,,FRA,PMI,2026-06-18 13:30,2026-06-18 13:38,58,ON_TIME,A18
BA06180128,British Airways,FRA,PMI,2026-06-18 17:35,2026-06-18 17:29,70,ON_TIME,A12
AF04180129,Air France,FRA,MAD,2026-04-18 20:00,2026-04-18 20:06,98,ON_TIME,A05
BA06080130,British Airways,FRA,HAM,2026-06-08 06:35,2026-06-08 07:09,303,DELAYED,Z15
IB03110131,Iberia,FRA,MAD,2026-03-11 12:20,2026-03-11 12:16,304,ON_TIME,E02
KL02260132,KLM,FRA,BER,2026-02-26 18:25,2026-02-26 18:47,163,DELAYED,A18
KL03250133,KLM,FRA,CDG,2026-03-25 08:30,2026-03-25 08:33,172,ON_TIME,E02
EK04120134,Emirates,FRA,MUC,2026-04-12 07:10,,10,CANCELLED,Z15
UA04140135,United Airlines,FRA,PMI,2026-04-14 18:50,2026-04-14 19:25,290,DELAYED,B16
DE01280136,Condor,FRA,MAD,2026-01-28 13:10,,257,DELAYED,B09
EK03270137,Emirates,FRA,LHR,2026-03-27 10:35,2026-03-27 11:11,233,DELAYED,B16
BA01270138,British Airways,FRA,LHR,2026-01-27 09:50,2026-01-27 10:23,93,DELAYED,A18
IB05250139,Iberia,FRA,VIE,2026-05-25 20:25,2026-05-25 21:00,216,DELAYED,A18
IB05010140,Iberia,FRA,MUC,2026-05-01 19:50,2026-05-01 20:02,235,ON_TIME,E02
DE04290141,Condor,FRA,CDG,2026-04-29 19:30,2026-04-29 19:49,101,DELAYED,Z15
UA05290142,United Airlines,FRA,VIE,2026-05-29 22:30,2026-05-29 22:36,151,BOARDING,B16
IB02080143,Iberia,FRA,ZRH,2026-02-08 07:15,2026-02-08 07:47,313,DELAYED,A18
LH04230144,Lufthansa,FRA,LHR,2026-04-23 20:20,2026-04-23 20:21,245,ON_TIME,B09
UA03280145,United Airlines,FRA,MAD,2026-03-28 07:00,2026-03-28 07:44,131,DELAYED,B16
DE06190146,Condor,FRA,PMI,2026-06-19 10:00,,255,DELAYED,A18
DE05240147,Condor,FRA,CDG,not-a-date,2026-05-24 17:52,324,ON_TIME,A12
UA04030148,United Airlines,FRA,ZRH,2026-04-03 06:00,2026-04-03 05:45,229,ON_TIME,D04
AF02050149,Air France,FRA,LHR,2026-02-05 09:35,2026-02-05 09:56,324,DELAYED,A05
EK02030150,Emirates,FRA,PMI,2026-02-03 17:40,2026-02-03 17:26,139,ON_TIME,D04
LH04040151,Lufthansa,FRA,MAD,2026-04-04 13:15,2026-04-04 13:30,177,ON_TIME,B09
IB04050152,Iberia,FRA,LHR,2026-04-05 20:15,2026-04-05 20:00,312,ON_TIME,E02
UA02210153,United Airlines,FRA,HAM,2026-02-21 09:50,2026-02-21 09:41,-18,ON_TIME,A12
KL02110154,KLM,FRA,MUC,2026-02-11 14:15,2026-02-11 14:32,278,DELAYED,A12
AF03310155,Air France,FRA,VIE,2026-03-31 06:10,2026-03-31 06:06,246,ON_TIME,B03
LH01260156,Lufthansa,FRA,AMS,2026-01-26 15:40,2026-01-26 15:54,296,ON_TIME,A18
IB06070157,Iberia,FRA,VIE,2026-06-07 05:35,,19,CANCELLED,E02
UA03150158,United Airlines,FRA,MUC,2026-03-15 12:50,2026-03-15 13:17,289,DELAYED,A12
DE06020159,Condor,FRA,VIE,2026-06-02 22:30,2026-06-02 22:15,55,ON_TIME,Z15
EK05270160,Emirates,FRA,LHR,2026-05-27 18:40,2026-05-27 18:37,239,ON_TIME,A12
LH05010161,Lufthansa,FRA,MAD,2026-05-01 07:10,2026-05-01 07:24,231,ON_TIME,B03
DE03270162,Condor,FRA,PMI,2026-03-27 09:30,2026-03-27 09:48,144,DELAYED,D04
IB02160163,Iberia,FRA,JFK,2026-02-16 09:35,2026-02-16 09:55,157,DELAYED,A05
EK05120164,Emirates,FRA,CDG,2026-05-12 18:20,2026-05-12 20:39,152,DELAYED,B09
EK06170165,Emirates,FRA,BER,2026-06-17 15:50,2026-06-17 15:35,252,ON_TIME,B16
BA06270166,British Airways,FRA,VIE,2026-06-27 21:00,2026-06-27 21:51,97,DELAYED,C07
DE06040167,Condor,FRA,MAD,2026-06-04 11:20,2026-06-04 11:51,283,DELAYED,Z15
UA06260168,United Airlines,FRA,HAM,2026-06-26 20:00,2026-06-26 20:27,235,DELAYED,Z15
UA06130169,United Airlines,FRA,CDG,2026-06-13 06:35,2026-06-13 06:25,136,ON_TIME,A05
BA06230170,,FRA,PMI,2026-06-23 19:30,2026-06-23 20:00,242,DELAYED,B16
UA01090171,United Airlines,FRA,PMI,2026-01-09 10:15,2026-01-09 10:01,326,ON_TIME,B16
UA06160172,United Airlines,FRA,AMS,2026-06-16 13:45,2026-06-16 15:36,310,DELAYED,E02
UA01310173,United Airlines,FRA,ZRH,2026-01-31 13:50,2026-01-31 14:11,306,DELAYED,B03
DE01190174,Condor,FRA,HAM,2026-01-19 19:40,2026-01-19 20:26,99,DELAYED,B16
EK01170175,Emirates,FRA,DXB,2026-01-17 23:20,2026-01-17 23:30,144,ON_TIME,B16
AF02210176,Air France,FRA,MUC,2026-02-21 09:45,2026-02-21 12:07,243,DELAYED,D04
BA01230177,British Airways,FRA,PMI,2026-01-23 07:50,2026-01-23 07:58,264,ON_TIME,Z15
DE03230178,Condor,FRA,HAM,2026-03-23 08:15,2026-03-23 08:02,120,ON_TIME,E02
BA04210179,British Airways,FRA,HAM,2026-04-21 21:30,2026-04-21 21:24,170,ON_TIME,B16
KL03060180,KLM,FRA,MUC,2026-03-06 12:20,2026-03-06 12:32,328,ON_TIME,A12
BA05290181,British Airways,FRA,PMI,2026-05-29 09:40,2026-05-29 09:48,76,ON_TIME,A05
DE06140182,Condor,FRA,BER,2026-06-14 13:45,2026-06-14 13:30,70,ON_TIME,D04
KL03190183,KLM,FRA,JFK,2026-03-19 20:45,2026-03-19 21:43,135,DELAYED,D04
UA04290184,United Airlines,FRA,VIE,2026-04-29 12:00,2026-04-29 11:55,218,ON_TIME,B16
UA04050185,United Airlines,FRA,HAM,2026-04-05 22:20,2026-04-05 22:35,127,ON_TIME,A12
LH04090186,Lufthansa,FRA,CDG,2026-04-09 18:45,2026-04-09 19:11,222,DELAYED,Z15
EK02100187,Emirates,FRA,LHR,2026-02-10 21:20,2026-02-10 21:54,256,DELAYED,E02
IB02250188,Iberia,FRA,FRA,2026-02-25 16:30,2026-02-25 16:25,295,ON_TIME,B09
LH04210189,Lufthansa,FRA,MUC,2026-04-21 09:50,2026-04-21 10:06,154,DELAYED,B16
KL04090190,KLM,FRA,MUC,2026-04-09 22:15,2026-04-09 22:06,115,ON_TIME,A18
DE04060191,Condor,FRA,MAD,2026-04-06 16:20,2026-04-06 16:34,311,ON_TIME,A05
LH02050192,Lufthansa,FRA,BER,2026-02-05 16:15,2026-02-05 16:13,318,ON_TIME,A18
EK03230193,Emirates,FRA,PMI,2026-03-23 11:10,2026-03-23 11:23,315,ON_TIME,E02
IB05250194,Iberia,FRA,DXB,2026-05-25 15:15,2026-05-25 15:09,111,ON_TIME,C07
KL06260195,KLM,FRA,DXB,2026-06-26 06:25,2026-06-26 07:20,171,DELAYED,A05
IB05150196,Iberia,FRA,HAM,2026-05-15 17:40,2026-05-15 17:45,111,ON_TIME,B03
LH03220197,Lufthansa,FRA,VIE,2026-03-22 18:40,2026-03-22 19:02,296,DELAYED,A05
BA02230198,British Airways,FRA,ZRH,2026-02-23 23:00,2026-02-23 23:41,247,DELAYED,B16
BA05170199,British Airways,FRA,VIE,2026-05-17 16:20,2026-05-17 16:39,190,DELAYED,Z15
IB03050200,Iberia,FRA,LHR,2026-03-05 14:20,2026-03-05 14:05,207,ON_TIME,B09
AF05060201,Air France,FRA,DXB,2026-05-06 16:15,2026-05-06 17:08,117,DELAYED,Z15
UA03300202,United Airlines,FRA,MAD,2026-03-30 09:50,,2,CANCELLED,B16
IB03070203,Iberia,FRA,JFK,2026-03-07 20:45,2026-03-07 20:30,125,ON_TIME,A12
AF01130204,Air France,FRA,LHR,2026-01-13 21:45,2026-01-13 23:23,224,DELAYED,D04
DE02050205,Condor,FRA,JFK,2026-02-05 06:20,2026-02-05 06:53,298,DELAYED,D04
AF03240206,Air France,FRA,CDG,2026-03-24 14:30,2026-03-24 15:13,173,DELAYED,E02
LH04170207,Lufthansa,FRA,HAM,2026-04-17 10:30,2026-04-17 10:22,203,ON_TIME,A05
LH05260208,Lufthansa,FRA,CDG,2026-05-26 09:00,2026-05-26 09:31,323,DELAYED,D04
BA04300209,British Airways,FRA,ZRH,2026-04-30 13:45,2026-04-30 13:40,150,ON_TIME,A05
EK05260210,Emirates,FRA,CDG,2026-05-26 11:40,2026-05-26 12:28,262,DELAYED,C07
EK04130211,Emirates,FRA,MUC,2026-04-13 08:40,2026-04-13 09:59,175,DELAYED,D04
KL03190212,KLM,FRA,AMS,2026-03-19 05:50,2026-03-19 06:12,86,DELAYED,A12
IB02100213,Iberia,FRA,CDG,2026-02-10 18:20,2026-02-10 19:05,206,DELAYED,B16
AF02040214,Air France,FRA,LHR,2026-02-04 20:40,2026-02-04 20:27,246,ON_TIME,C07
IB06200215,Iberia,FRA,ZRH,2026-06-20 11:45,2026-06-20 11:30,325,ON_TIME,B16
DE01290216,Condor,FRA,PMI,2026-01-29 07:20,2026-01-29 07:10,329,ON_TIME,A18
BA05140217,British Airways,FRA,AMS,2026-05-14 19:35,2026-05-14 19:43,283,ON_TIME,A05
IB05120218,Iberia,FRA,HAM,2026-05-12 19:15,2026-05-12 19:02,212,ON_TIME,A05
UA01010219,United Airlines,FRA,CDG,2026-01-01 12:25,2026-01-01 12:10,85,ON_TIME,A12
IB03150220,Iberia,FRA,BER,2026-03-15 18:40,2026-03-15 19:11,270,DELAYED,B16
UA04070221,United Airlines,FR,VIE,2026-04-07 17:35,2026-04-07 17:33,233,ON_TIME,A12
BA04110222,British Airways,FRA,ZRH,2026-04-11 21:40,2026-04-11 21:29,56,ON_TIME,A05
KL06220223,KLM,FRA,VIE,2026-06-22 23:10,2026-06-22 23:32,196,DELAYED,B03
DE06190224,Condor,FRA,BER,2026-06-19 19:25,2026-06-19 19:23,63,ON_TIME,B03
AF01260225,Air France,FRA,MUC,2026-01-26 07:15,2026-01-26 07:27,260,ON_TIME,D04
AF02250226,Air France,FRA,ZRH,2026-02-25 06:40,2026-02-25 06:47,218,ON_TIME,Z15
EK03190227,Emirates,FRA,LHR,2026-03-19 10:20,2026-03-19 10:31,144,ON_TIME,C07
IB03300228,Iberia,FRA,BER,2026-03-30 18:20,2026-03-30 18:42,131,DELAYED,B09
UA05180229,United Airlines,FRA,HAM,2026-05-18 20:45,2026-05-18 20:47,84,ON_TIME,E02
UA05230230,United Airlines,FRA,MAD,2026-05-23 21:40,2026-05-23 22:30,224,DELAYED,A12
IB01240231,Iberia,FRA,AMS,2026-01-24 22:45,2026-01-24 23:30,151,DELAYED,Z15
AF02230232,Air France,FRA,VIE,2026-02-23 15:50,2026-02-23 17:36,115,DELAYED,D04
AF06040233,Air France,FRA,DXB,2026-06-04 12:10,2026-06-04 11:55,328,ON_TIME,B16
KL04030234,KLM,FRA,CDG,2026-04-03 22:15,2026-04-03 22:16,295,ON_TIME,B16
AF03220235,Air France,FRA,AMS,2026-03-22 18:30,2026-03-22 18:46,268,DELAYED,B09
BA03260236,British Airways,FRA,LHR,2026-03-26 13:10,2026-03-26 13:37,227,DELAYED,B09
IB06140237,Iberia,FRA,DXB,2026-06-14 21:15,2026-06-14 21:33,305,DELAYED,A18
LH01090238,Lufthansa,FRA,ZRH,2026-01-09 07:30,2026-01-09 07:30,173,ON_TIME,A12
BA02250239,British Airways,FRA,BER,2026-02-25 22:15,2026-02-25 22:03,-19,ON_TIME,D04
LH05170240,Lufthansa,FRA,BER,2026-05-17 23:10,,8,CANCELLED,E02
KL05090241,KLM,FRA,BER,2026-05-09 18:40,2026-05-09 19:05,324,DELAYED,B09
EK04120242,Emirates,FRA,CDG,2026-04-12 08:00,2026-04-12 08:22,179,DELAYED,B03
KL01210243,KLM,FRA,JFK,2026-01-21 06:35,2026-01-21 06:29,142,ON_TIME,A12
IB06150244,Iberia,FRA,MAD,2026-06-15 16:25,2026-06-15 16:58,325,DELAYED,A05
AF06270245,Air France,FRA,LHR,2026-06-27 20:50,2026-06-27 21:53,71,DELAYED,A18
EK02230246,Emirates,FRA,BER,2026-02-23 10:10,2026-02-23 10:49,178,DELAYED,Z15
UA05190247,United Airlines,FRA,JFK,2026-05-19 16:10,2026-05-19 17:10,311,DELAYED,B16
LH04220248,Lufthansa,FRA,MUC,2026-04-22 12:35,2026-04-22 13:44,258,DELAYED,B16
LH03110249,Lufthansa,FRA,JFK,2026-03-11 20:15,2026-03-11 20:07,249,ON_TIME,A12
KL01190250,KLM,FRA,LHR,2026-01-19 07:50,2026-01-19 07:56,133,ON_TIME,C07
EK01280251,Emirates,FRA,AMS,2026-01-28 07:30,2026-01-28 07:15,99,ON_TIME,A18
UA05230252,United Airlines,FRA,VIE,2026-05-23 23:20,2026-05-24 01:18,102,DELAYED,Z15
EK01040253,Emirates,FRA,MAD,2026-01-04 15:10,2026-01-04 16:08,179,DELAYED,Z15
BA04080254,British Airways,FRA,JFK,2026-04-08 10:40,2026-04-08 11:20,129,DELAYED,A12
BA03120255,British Airways,FRA,MAD,2026-03-12 18:50,2026-03-12 19:20,308,DELAYED,Z15
AF01280256,Air France,FRA,VIE,2026-01-28 09:50,,19,CANCELLED,C07
EK03270257,Emirates,FRA,VIE,2026-03-27 19:25,2026-03-27 19:14,215,ON_TIME,A18
UA03160258,United Airlines,FRA,AMS,2026-03-16 21:25,2026-03-16 22:32,198,DELAYED,C07
EK05250259,Emirates,FRA,MUC,2026-05-25 12:25,2026-05-25 15:14,291,DELAYED,B03
IB06270260,Iberia,FRA,CDG,2026-06-27 08:10,2026-06-27 09:01,210,DELAYED,B03
KL02090261,KLM,FRA,JFK,2026-02-09 19:10,2026-02-09 19:51,314,DELAYED,C07
LH06290262,Lufthansa,FRA,AMS,2026-06-29 23:25,2026-06-29 23:37,182,ON_TIME,B16
BA06060263,British Airways,FRA,JFK,2026-06-06 07:25,2026-06-06 07:28,275,ON_TIME,A12
LH03080264,Lufthansa,FRA,MUC,2026-03-08 13:20,2026-03-08 13:12,168,ON_TIME,D04
EK04290265,Emirates,FRA,MAD,2026-04-29 21:40,2026-04-29 22:05,98,DELAYED,A12
BA03210266,British Airways,FRA,AMS,2026-03-21 16:15,2026-03-21 16:31,233,DELAYED,D04
DE06280267,Condor,FRA,VIE,2026-06-28 20:00,2026-06-28 22:18,110,DELAYED,A18
AF02140268,Air France,FRA,ZRH,2026-02-14 22:40,2026-02-14 23:04,291,DELAYED,B03
UA02170269,United Airlines,FRA,JFK,2026-02-17 11:10,2026-02-17 11:20,274,ON_TIME,C07
LH02240270,Lufthansa,FRA,DXB,2026-02-24 11:50,2026-02-24 11:35,87,ON_TIME,Z15
DE02170271,Condor,FRA,ZRH,2026-02-17 17:00,2026-02-17 17:41,215,DELAYED,Z15
UA04110272,United Airlines,FRA,PMI,2026-04-11 09:00,2026-04-11 09:37,143,DELAYED,B09
DE02040273,Condor,FRA,JFK,2026-02-04 15:35,2026-02-04 16:06,253,DELAYED,C07
BA04090274,British Airways,FRA,PMI,2026-04-09 18:40,2026-04-09 19:10,143,DELAYED,E02
BA03150275,British Airways,FRA,VIE,2026-03-15 09:40,2026-03-15 09:46,59,ON_TIME,D04
BA04090276,British Airways,FRA,LHR,2026-04-09 23:20,2026-04-09 23:36,306,DELAYED,C07
IB02120277,Iberia,FRA,VIE,2026-02-12 08:25,,17,CANCELLED,B09
BA05250278,British Airways,FRA,VIE,2026-05-25 21:20,2026-05-25 21:14,192,ON_TIME,E02
EK01110279,Emirates,FRA,ZRH,2026-01-11 20:20,2026-01-11 20:05,181,ON_TIME,B09
LH03090280,Lufthansa,FRA,VIE,2026-03-09 16:35,2026-03-09 17:07,176,DELAYED,B03
EK06060281,Emirates,FRA,DXB,2026-06-06 18:40,2026-06-06 19:04,234,DELAYED,E02
KL05180282,KLM,FRA,PMI,2026-05-18 11:00,2026-05-18 10:45,191,ON_TIME,E02
DE04160283,Condor,FRA,HAM,2026-04-16 06:50,2026-04-16 07:38,219,DELAYED,B03
UA02060284,United Airlines,FRA,VIE,2026-02-06 14:10,2026-02-06 17:24,102,DELAYED,C07
KL04050285,KLM,FRA,DXB,2026-04-05 20:15,,289,DELAYED,B16
DE04120286,Condor,FRA,ZRH,2026-04-12 12:10,2026-04-12 12:25,220,ON_TIME,B09
EK05280287,Emirates,FRA,ZRH,2026-05-28 10:25,2026-05-28 10:51,78,DELAYED,A12
IB02010288,Iberia,FRA,BER,2026-02-01 11:15,2026-02-01 11:00,274,ON_TIME,B03
BA03190289,British Airways,FRA,JFK,2026-03-19 10:50,2026-03-19 10:58,139,ON_TIME,A05
UA03200290,United Airlines,FRA,JFK,2026-03-20 13:10,2026-03-20 13:32,55,DELAYED,B03
UA03200290,Iberia,FRA,MUC,2026-02-03 13:20,2026-02-03 14:11,271,DELAYED,A18
IB02280292,Iberia,FRA,MUC,2026-02-28 17:35,2026-02-28 17:51,215,DELAYED,B16
KL04080293,KLM,FRA,HAM,2026-04-08 09:40,2026-04-08 09:25,234,ON_TIME,B03
BA06070294,British Airways,FRA,MAD,2026-06-07 19:45,2026-06-07 19:46,118,ON_TIME,Z15
UA04200295,United Airlines,FRA,AMS,2026-04-20 15:40,2026-04-20 15:43,200,ON_TIME,A05
KL05130296,KLM,FRA,LHR,2026-05-13 21:45,2026-05-13 21:45,82,ON_TIME,B03
IB01290297,Iberia,FRA,MAD,2026-01-29 13:15,2026-01-29 15:45,217,DELAYED,A18
UA04180298,United Airlines,FRA,PMI,2026-04-18 17:20,2026-04-18 17:56,92,DELAYED,A05
DE03090299,Condor,FRA,BER,2026-03-09 11:30,2026-03-09 12:07,311,DELAYED,C07
UA04130300,United Airlines,FRA,DXB,2026-04-13 08:20,2026-04-13 08:26,97,ON_TIME,B09
DE02220301,Condor,FRA,ZRH,2026-02-22 10:20,2026-02-22 10:05,88,ON_TIME,B09
DE02220301,United Airlines,FRA,DXB,2026-03-03 06:45,2026-03-03 06:38,287,ON_TIME,Z15
LH06200303,Lufthansa,FRA,CDG,2026-06-20 10:35,,11,CANCELLED,E02
KL04060304,KLM,FRA,HAM,2026-04-06 09:50,2026-04-06 10:07,70,DELAYED,B16
UA05150305,United Airlines,FRA,CDG,2026-05-15 07:50,2026-05-15 07:55,239,ON_TIME,A05
IB02120306,Iberia,FRA,PMI,2026-02-12 16:40,2026-02-12 16:50,114,ON_TIME,B03
LH01040307,Lufthansa,FRA,BER,2026-01-04 12:30,2026-01-04 12:34,73,ON_TIME,E02
UA03240308,United Airlines,FRA,LHR,2026-03-24 13:10,2026-03-24 13:33,94,DELAYED,Z15
EK05090309,Emirates,FRA,MUC,2026-05-09 06:40,2026-05-09 06:47,293,ON_TIME,B09
KL01230310,KLM,FRA,AMS,2026-01-23 23:15,,18,CANCELLED,B09
,Air France,FRA,VIE,2026-04-05 20:45,2026-04-05 20:30,264,ON_TIME,A05
AF03300312,Air France,FRA,ZRH,2026-03-30 06:00,,23,CANCELLED,B09
,Condor,FRA,LHR,2026-05-16 13:10,2026-05-16 14:40,102,DELAYED,A05
AF04160314,Air France,FRA,ZRH,2026-04-16 17:15,2026-04-16 17:59,103,DELAYED,E02
BA04110315,British Airways,FRA,JFK,2026-04-11 08:25,2026-04-11 08:10,188,ON_TIME,B16
UA03250316,United Airlines,FRA,DXB,2026-03-25 16:15,2026-03-25 18:04,124,DELAYED,Z15
DE01280317,Condor,FRA,HAM,2026-01-28 11:15,,161,DELAYED,D04
KL03090318,KLM,FRA,VIE,2026-03-09 08:35,2026-03-09 09:05,-7,DELAYED,B03
EK01240319,Emirates,FRA,HAM,2026-01-24 13:00,2026-01-24 13:33,144,DELAYED,A05
UA05230320,United Airlines,FRA,VIE,2026-05-23 22:45,2026-05-23 23:05,126,DELAYED,A12
LH02260321,Lufthansa,FRA,BER,2026-02-26 09:45,2026-02-26 09:35,187,ON_TIME,A12
LH02200322,Lufthansa,FRA,MUC,2026-02-20 19:40,2026-02-20 20:18,224,DELAYED,A12
LH01130323,Lufthansa,FRA,VIE,2026-01-13 11:25,2026-01-13 11:35,273,ON_TIME,A18
EK02170324,Emirates,FRA,LHR,2026-02-17 13:50,2026-02-17 13:36,180,ON_TIME,B09
IB05210325,Iberia,FRA,MAD,2026-05-21 20:30,2026-05-21 20:25,324,ON_TIME,B03
LH04020326,Lufthansa,FRA,MAD,2026-04-02 21:20,2026-04-02 21:51,312,DELAYED,B16
UA02160327,United Airlines,FRA,CDG,2026-02-16 06:00,2026-02-16 06:57,296,DELAYED,E02
EK03010328,Emirates,FRA,PMI,2026-03-01 10:35,2026-03-01 10:57,328,DELAYED,A05
AF04100329,Air France,FRA,PMI,2026-04-10 16:40,2026-04-10 16:25,69,ON_TIME,B16
BA02180330,British Airways,FRA,PMI,2026-02-18 21:20,2026-02-18 21:10,101,ON_TIME,A05
AF02260331,Air France,FRA,PMI,2026-02-26 06:20,2026-02-26 06:18,229,ON_TIME,A18
EK01060332,Emirates,FRA,BER,2026-01-06 10:25,2026-01-06 11:08,111,DELAYED,E02
EK04060333,Emirates,FRA,MUC,2026-04-06 18:25,2026-04-06 18:35,278,ON_TIME,D04
EK05240334,,FRA,HAM,2026-05-24 16:45,2026-05-24 17:11,248,DELAYED,B09
KL02150335,KLM,FRA,HAM,2026-02-15 06:25,2026-02-15 09:43,217,DELAYED,Z15
AF05250336,Air France,FRA,JFK,2026-05-25 09:15,2026-05-25 09:27,176,ON_TIME,B16
EK06120337,Emirates,FRA,HAM,2026-06-12 08:00,2026-06-12 09:29,110,DELAYED,A05
LH04230338,Lufthansa,FRA,MAD,2026-04-23 18:40,2026-04-23 19:12,248,DELAYED,B16
UA05030339,United Airlines,FRA,MUC,2026-05-03 12:40,2026-05-03 14:14,108,DELAYED,A12
EK04070340,Emirates,FRA,HAM,2026-04-07 10:35,2026-04-07 10:43,102,ON_TIME,B16
IB01080341,Iberia,FRA,DXB,2026-01-08 18:40,2026-01-08 18:47,152,ON_TIME,C07
KL03140342,KLM,FRA,JFK,2026-03-14 14:45,2026-03-14 15:02,306,DELAYED,A18
LH01010343,Lufthansa,FRA,AMS,2026-01-01 18:35,2026-01-01 18:32,68,ON_TIME,B03
BA03160344,British Airways,FRA,JFK,2026-03-16 08:15,2026-03-16 08:01,258,ON_TIME,D04
IB03090345,Iberia,FRA,JFK,2026-03-09 08:20,2026-03-09 08:18,77,ON_TIME,B09
,Iberia,FRA,VIE,2026-03-09 12:50,2026-03-09 13:21,104,DELAYED,A12
EK04160347,Emirates,FRA,ZRH,2026-04-16 13:20,2026-04-16 13:12,298,ON_TIME,Z15
AF03180348,,FRA,VIE,2026-03-18 08:10,2026-03-18 08:43,312,DELAYED,Z15
BA04250349,British Airways,FRA,MUC,2026-04-25 10:40,2026-04-25 10:58,277,DELAYED,B03
BA03080350,British Airways,FRA,PMI,2026-03-08 15:35,2026-03-08 15:37,221,ON_TIME,B09
IB06290351,Iberia,FRA,BER,2026-06-29 22:10,2026-06-29 22:42,106,DELAYED,A12
DE05180352,Condor,FRA,CDG,2026-05-18 17:10,2026-05-18 17:49,297,DELAYED,A05
BA04140353,British Airways,FRA,CDG,2026-04-14 10:25,2026-04-14 10:37,224,ON_TIME,B03
LH05020354,Lufthansa,FRA,DXB,2026-05-02 14:00,,9,CANCELLED,B09
KL06280355,KLM,FRA,VIE,2026-06-28 08:45,2026-06-28 09:25,192,DELAYED,C07
DE04240356,Condor,FRA,LHR,2026-04-24 12:10,2026-04-24 12:20,246,ON_TIME,A05
BA03210357,British Airways,FRA,MUC,2026-03-21 22:10,2026-03-22 00:02,157,DELAYED,A05
,Air France,FRA,BER,2026-04-27 07:00,2026-04-27 06:45,292,ON_TIME,E02
UA02010359,United Airlines,FRA,JFK,2026-02-01 05:45,2026-02-01 05:47,234,ON_TIME,B16
BA06260360,British Airways,FRA,CDG,2026-06-26 07:50,,24,CANCELLED,B03
AF02270361,Air France,FRA,JFK,2026-02-27 11:50,2026-02-27 11:35,59,ON_TIME,D04
BA02140362,British Airways,FRA,JFK,2026-02-14 05:45,2026-02-14 05:55,211,ON_TIME,B09
UA03310363,United Airlines,FRA,MAD,2026-03-31 19:50,2026-03-31 19:55,107,ON_TIME,A05
EK06150364,Emirates,FRA,ZRH,2026-06-15 14:50,2026-06-15 15:32,227,DELAYED,B09
EK03080365,Emirates,FRA,CDG,2026-03-08 14:45,2026-03-08 15:04,261,DELAYED,B16
BA01070366,British Airways,FRA,DXB,2026-01-07 20:50,2026-01-07 20:35,253,ON_TIME,A05
AF02260367,Air France,FRA,AMS,2026-02-26 23:15,2026-02-26 23:16,147,ON_TIME,B09
DE02020368,Condor,FRA,VIE,2026-02-02 14:20,2026-02-02 14:09,226,ON_TIME,A12
AF02270369,Air France,FRA,AMS,2026-02-27 15:10,2026-02-27 15:15,115,ON_TIME,D04
LH05300370,Lufthansa,FRA,JFK,2026-05-30 08:15,2026-05-30 08:45,250,DELAYED,E02
KL01140371,KLM,FRA,MAD,2026-01-14 09:40,2026-01-14 09:25,289,ON_TIME,A18
EK02160372,Emirates,FRA,DXB,2026-02-16 08:15,2026-02-16 09:28,215,DELAYED,A05
LH03120373,Lufthansa,FRA,VIE,2026-03-12 11:40,2026-03-12 12:17,121,DELAYED,Z15
UA04200374,United Airlines,FRA,JFK,2026-04-20 18:10,2026-04-20 18:59,74,DELAYED,E02
AF04060375,Air France,FRA,DXB,2026-04-06 06:00,2026-04-06 08:28,182,DELAYED,B03
EK02030376,Emirates,FRA,CDG,2026-02-03 09:10,2026-02-03 09:23,88,ON_TIME,A05
KL04270377,KLM,FRA,CDG,2026-04-27 22:25,2026-04-27 22:10,305,ON_TIME,B16
AF04140378,Air France,FRA,HAM,2026-04-14 05:45,2026-04-14 06:14,163,DELAYED,A05
BA04040379,British Airways,FRA,MUC,2026-04-04 07:10,2026-04-04 08:14,110,DELAYED,A05
LH01300380,Lufthansa,FRA,DXB,2026-01-30 19:15,2026-01-30 19:59,297,DELAYED,A18
AF06250381,Air France,FRA,DXB,2026-06-25 05:50,2026-06-25 06:27,125,DELAYED,C07
DE06080382,Condor,FRA,ZRH,2026-06-08 08:50,2026-06-08 09:21,156,DELAYED,Z15
AF05140383,Air France,FRA,CDG,2026-05-14 12:00,2026-05-14 12:12,161,ON_TIME,D04
EK01010384,Emirates,FRA,LHR,2026-01-01 05:35,2026-01-01 05:56,307,DELAYED,A18
DE01200385,Condor,FRA,ZRH,2026-01-20 08:50,2026-01-20 08:35,80,ON_TIME,A12
BA03160386,British Airways,FRA,BER,2026-03-16 17:00,2026-03-16 17:32,78,DELAYED,A05
BA03160386,British Airways,FRA,JFK,2026-06-15 11:00,2026-06-15 10:45,102,ON_TIME,B16
EK01300388,Emirates,FRA,HAM,2026-01-30 18:10,2026-01-30 18:37,252,DELAYED,D04
UA02120389,United Airlines,FRA,JFK,2026-02-12 08:40,2026-02-12 09:48,268,DELAYED,Z15
IB06230390,Iberia,FRA,PMI,2026-06-23 19:40,2026-06-23 20:15,69,DELAYED,A18
IB01290391,Iberia,FRA,VIE,2026-01-29 19:15,2026-01-29 19:27,323,ON_TIME,Z15
AF03280392,Air France,FRA,JFK,2026-03-28 22:20,2026-03-28 22:55,276,DELAYED,B03
IB06190393,Iberia,FRA,AMS,2026-06-19 17:40,2026-06-19 19:32,135,DELAYED,E02
IB02120394,Iberia,FRA,VIE,2026-02-12 08:15,2026-02-12 08:03,197,ON_TIME,A05
AF06140395,Air France,FRA,ZRH,2026-06-14 18:10,2026-06-14 18:47,100,DELAYED,D04
IB01310396,Iberia,FRA,AMS,2026-01-31 20:30,2026-01-31 20:56,55,DELAYED,A12
KL05240397,KLM,FRA,ZRH,2026-05-24 12:15,,287,DELAYED,B16
IB06180398,Iberia,FRA,DXB,2026-06-18 17:15,2026-06-18 17:35,168,DELAYED,A05
EK06120399,Emirates,FRA,AMS,2026-06-12 15:20,2026-06-12 15:32,126,ON_TIME,C07
DE06060400,Condor,FRA,CDG,2026-06-06 11:45,2026-06-06 11:52,165,ON_TIME,D04
AF03280401,Air France,FRA,DXB,2026-03-28 09:10,2026-03-28 09:00,285,ON_TIME,D04
BA01020402,British Airways,FRA,VIE,2026-01-02 21:30,2026-01-02 21:17,302,ON_TIME,E02
BA05290403,British Airways,FRA,DXB,2026-05-29 10:40,2026-05-29 10:36,251,ON_TIME,C07
AF04120404,Air France,FRA,CDG,2026-04-12 15:50,2026-04-12 15:37,266,ON_TIME,Z15
KL05210405,KLM,FRA,DXB,2026-05-21 16:20,2026-05-21 16:44,231,BOARDING,A18
BA05190406,British Airways,FRA,ZRH,2026-05-19 15:35,2026-05-19 16:21,268,DELAYED,E02
KL01040407,KLM,FRA,MAD,2026-01-04 21:35,,24,CANCELLED,A18
KL03060408,KLM,FRA,JFK,2026-03-06 09:30,2026-03-06 10:12,71,DELAYED,B16
IB06070409,Iberia,FRA,MUC,2026-06-07 22:45,2026-06-07 22:43,202,ON_TIME,A05
UA04170410,United Airlines,FRA,MAD,2026-04-17 16:20,2026-04-17 16:27,158,ON_TIME,Z15
IB06120411,Iberia,FRA,LHR,2026-06-12 17:25,2026-06-12 17:10,205,ON_TIME,D04
BA01200412,British Airways,FRA,JFK,2026-01-20 10:40,2026-01-20 10:29,75,ON_TIME,C07
KL03090413,KLM,FRA,ZRH,2026-03-09 09:40,2026-03-09 09:53,134,ON_TIME,A05
BA06020414,British Airways,FRA,AMS,2026-06-02 07:25,2026-06-02 08:00,238,DELAYED,A12
EK02260415,Emirates,FRA,ZRH,2026-02-26 11:20,2026-02-26 11:09,102,ON_TIME,B16
AF06190416,Air France,FRA,LHR,2026-06-19 16:00,2026-06-19 16:13,326,ON_TIME,D04
LH06210417,Lufthansa,FRA,MUC,2026-06-21 17:15,2026-06-21 17:00,75,ON_TIME,B16
UA04090418,United Airlines,FRA,MUC,2026-04-09 14:20,2026-04-09 15:56,246,DELAYED,E02
IB01120419,Iberia,FRA,VIE,2026-01-12 14:45,2026-01-12 15:08,330,DELAYED,E02
LH01170420,Lufthansa,FRA,JFK,not-a-date,2026-01-17 12:04,108,DELAYED,B03
UA01190421,United Airlines,FRA,JFK,2026-01-19 09:30,2026-01-19 12:05,183,DELAYED,E02
DE02280422,Condor,FRA,PMI,2026-02-28 14:10,2026-02-28 14:33,276,DELAYED,B16
LH06220423,Lufthansa,FRA,MAD,2026-06-22 09:20,,1,CANCELLED,A12
EK01280424,Emirates,FRA,ZRH,2026-01-28 14:50,2026-01-28 14:55,279,ON_TIME,C07
UA01080425,United Airlines,FRA,JFK,2026-01-08 20:40,2026-01-08 21:10,206,DELAYED,A18
KL06150426,KLM,FRA,JFK,2026-06-15 16:30,2026-06-15 17:02,118,DELAYED,A05
LH06020427,Lufthansa,FRA,PMI,2026-06-02 18:20,2026-06-02 18:48,231,DELAYED,B03
UA05120428,United Airlines,FRA,FRA,2026-05-12 09:40,2026-05-12 10:02,184,DELAYED,B03
DE06210429,Condor,FRA,HAM,2026-06-21 07:20,2026-06-21 08:12,156,DELAYED,Z15
IB04020430,Iberia,FRA,AMS,2026-04-02 09:45,2026-04-02 09:53,154,ON_TIME,B16
IB03260431,Iberia,FRA,VIE,2026-03-26 15:25,2026-03-26 15:10,141,ON_TIME,A05
EK02260432,Emirates,FRA,LHR,2026-02-26 18:50,2026-02-26 18:46,224,BOARDING,D04
IB04020433,Iberia,FRA,VIE,2026-04-02 15:15,2026-04-02 15:44,126,DELAYED,E02
AF06100434,Air France,FRA,CDG,2026-06-10 07:35,2026-06-10 08:18,70,DELAYED,Z15
UA02240435,United Airlines,FRA,PMI,2026-02-24 07:20,2026-02-24 07:58,131,DELAYED,B16
UA05310436,United Airlines,FRA,LHR,2026-05-31 14:40,2026-05-31 14:36,258,ON_TIME,B16
LH03030437,Lufthansa,FRA,JFK,2026-03-03 11:20,2026-03-03 11:51,129,DELAYED,D04
EK02260438,Emirates,FRA,BER,2026-02-26 20:45,2026-02-26 21:25,76,DELAYED,B03
EK05010439,Emirates,FRA,MAD,2026-05-01 19:30,,20,CANCELLED,B09
KL05200440,KLM,FRA,PMI,2026-05-20 11:10,2026-05-20 11:15,94,ON_TIME,E02
KL02270441,KLM,FRA,MAD,2026-02-27 22:10,2026-02-27 22:43,58,DELAYED,E02
BA02120442,British Airways,FRA,VIE,2026-02-12 12:35,2026-02-12 12:29,131,ON_TIME,A18
BA06040443,British Airways,FRA,AMS,2026-06-04 08:45,2026-06-04 08:53,300,ON_TIME,B03
BA04160444,British Airways,FRA,JFK,2026-04-16 05:45,,5,CANCELLED,A18
LH02070445,Lufthansa,FRA,PMI,2026-02-07 06:40,2026-02-07 07:20,64,DELAYED,B09
DE04250446,Condor,FRA,LHR,2026-04-25 21:15,2026-04-25 22:24,128,DELAYED,Z15
BA06180447,British Airways,FRA,PMI,2026-06-18 21:50,2026-06-18 21:43,90,ON_TIME,B03
UA02030448,United Airlines,FRA,MAD,2026-02-03 08:30,2026-02-03 08:15,313,ON_TIME,C07
BA01250449,British Airways,FRA,PMI,2026-01-25 11:15,2026-01-25 11:00,115,ON_TIME,A12
IB02030450,Iberia,FRA,JFK,2026-02-03 22:30,2026-02-03 22:15,275,ON_TIME,E02
UA01120451,United Airlines,FRA,AMS,2026-01-12 22:10,2026-01-12 22:38,105,DELAYED,C07
BA05030452,British Airways,FRA,CDG,2026-05-03 12:35,2026-05-03 12:20,264,ON_TIME,B09
AF01020453,Air France,FRA,BER,2026-01-02 21:35,2026-01-02 21:37,264,ON_TIME,B16
DE04200454,Condor,FRA,FRA,2026-04-20 13:50,2026-04-20 14:16,242,DELAYED,Z15
KL04120455,KLM,FRA,JFK,2026-04-12 12:10,2026-04-12 12:10,302,ON_TIME,B09
KL03300456,KLM,FRA,PMI,2026-03-30 17:40,2026-03-30 17:49,172,ON_TIME,D04
BA02240457,British Airways,FRA,MUC,2026-02-24 22:10,2026-02-24 22:34,81,DELAYED,A18
UA01020458,United Airlines,FRA,JFK,2026-01-02 07:40,2026-01-02 07:25,100,ON_TIME,A12
KL04050459,KLM,FRA,LHR,2026-04-05 08:25,,16,CANCELLED,B09
LH06130460,Lufthansa,FRA,HAM,2026-06-13 21:15,,25,DELAYED,E02
KL01090461,KLM,FRA,FRA,2026-01-09 22:20,2026-01-09 22:07,55,ON_TIME,A18
DE04130462,Condor,FRA,CDG,2026-04-13 17:10,2026-04-13 17:00,62,ON_TIME,A12
DE03140463,Condor,FRA,ZRH,2026-03-14 23:25,2026-03-14 23:58,154,DELAYED,D04
UA01020464,,FRA,PMI,2026-01-02 13:40,2026-01-02 13:50,92,ON_TIME,E02
KL01300465,KLM,FRA,AMS,2026-01-30 21:50,2026-01-30 22:16,248,DELAYED,Z15
IB03280466,Iberia,FRA,LHR,2026-03-28 20:15,2026-03-28 20:00,301,ON_TIME,A12
KL04080467,KLM,FRA,MUC,2026-04-08 12:45,2026-04-08 12:40,189,ON_TIME,B03
KL04130468,KLM,FRA,MUC,2026-04-13 15:35,2026-04-13 16:01,215,DELAYED,B16
AF03100469,Air France,FRA,PMI,2026-03-10 10:45,2026-03-10 11:11,160,DELAYED,B03
AF06080470,Air France,FRA,LHR,2026-06-08 16:40,2026-06-08 17:31,95,DELAYED,D04
LH01110471,Lufthansa,FRA,ZRH,2026-01-11 21:00,2026-01-11 20:45,195,ON_TIME,D04
LH01110471,British Airways,FRA,ZRH,2026-03-13 17:45,2026-03-13 18:02,324,DELAYED,C07
IB01090473,Iberia,FRA,ZRH,2026-01-09 22:00,2026-01-09 22:08,320,ON_TIME,D04
EK01030474,Emirates,FRA,DXB,2026-01-03 05:45,2026-01-03 05:45,240,ON_TIME,Z15
KL05210475,KLM,FRA,HAM,2026-05-21 13:45,2026-05-21 14:20,272,DELAYED,B03
UA04060476,United Airlines,FRA,DXB,2026-04-06 17:10,2026-04-06 17:18,122,ON_TIME,Z15
AF03110477,Air France,FRA,MUC,2026-03-11 13:20,2026-03-11 13:24,131,ON_TIME,D04
LH04180478,Lufthansa,FRA,HAM,2026-04-18 20:40,2026-04-18 21:03,319,DELAYED,E02
EK03180479,Emirates,FRA,VIE,2026-03-18 14:20,2026-03-18 14:44,165,DELAYED,B09
IB01250480,Iberia,FRA,JFK,2026-01-25 20:00,2026-01-25 20:17,186,DELAYED,B16
LH02010481,Lufthansa,FRA,MAD,2026-02-01 17:25,2026-02-01 17:10,200,ON_TIME,B16
EK05110482,Emirates,FRA,JFK,2026-05-11 21:15,2026-05-11 21:13,201,ON_TIME,D04
BA06130483,British Airways,FRA,HAM,2026-06-13 16:10,2026-06-13 17:00,230,DELAYED,B03
EK06170484,Emirates,FRA,AMS,2026-06-17 14:50,2026-06-17 14:44,282,ON_TIME,B16
IB02120485,Iberia,FRA,MAD,2026-02-12 10:30,2026-02-12 10:46,95,DELAYED,B03
BA01270486,British Airways,FRA,MAD,2026-01-27 08:35,2026-01-27 09:07,82,DELAYED,A05
UA01220487,United Airlines,FR,ZRH,2026-01-22 08:50,2026-01-22 09:52,172,DELAYED,B03
KL06100488,KLM,FRA,VIE,2026-06-10 09:40,2026-06-10 10:22,72,DELAYED,B16
EK04300489,Emirates,FRA,VIE,2026-04-30 22:50,2026-04-30 23:43,288,DELAYED,Z15
UA06130490,United Airlines,FRA,ZRH,2026-06-13 22:50,2026-06-13 23:48,171,DELAYED,A12
IB04040491,Iberia,FRA,CDG,2026-04-04 18:50,2026-04-04 19:33,124,DELAYED,B16
KL05170492,KLM,FRA,VIE,2026-05-17 06:15,2026-05-17 06:31,59,DELAYED,C07
KL03010493,KLM,FRA,PMI,not-a-date,2026-03-01 06:08,138,ON_TIME,C07
UA03090494,United Airlines,FRA,LHR,2026-03-09 08:10,2026-03-09 08:40,194,DELAYED,B09
KL02180495,KLM,FRA,MAD,2026-02-18 07:40,2026-02-18 08:14,306,DELAYED,B03
EK02080496,Emirates,FRA,BER,2026-02-08 07:20,,9,CANCELLED,B09
BA04230497,British Airways,FRA,DXB,2026-04-23 05:45,2026-04-23 06:16,310,DELAYED,B16
IB01090498,Iberia,FR,DXB,2026-01-09 15:35,2026-01-09 15:51,83,DELAYED,B09
UA05200499,United Airlines,FRA,MUC,2026-05-20 20:40,2026-05-20 21:18,117,DELAYED,B03
UA03050500,United Airlines,FRA,VIE,2026-03-05 06:45,2026-03-05 06:30,321,ON_TIME,B03
IB06240501,Iberia,FRA,MAD,2026-06-24 15:00,,117,DELAYED,B09
IB03180502,Iberia,FRA,JFK,2026-03-18 12:00,2026-03-18 11:45,166,ON_TIME,A12
AF04220503,Air France,FRA,JFK,2026-04-22 15:30,2026-04-22 15:42,59,ON_TIME,A05
IB06020504,Iberia,FRA,DXB,2026-06-02 10:00,2026-06-02 10:26,310,DELAYED,A12
EK01160505,Emirates,FRA,JFK,2026-01-16 07:00,2026-01-16 07:01,174,ON_TIME,B16
EK02190506,Emirates,FRA,VIE,2026-02-19 06:10,2026-02-19 05:55,75,ON_TIME,D04
IB03170507,Iberia,FRA,ZRH,2026-03-17 23:15,2026-03-17 23:38,195,DELAYED,Z15
BA05160508,British Airways,FRA,MUC,2026-05-16 10:15,2026-05-16 10:49,242,DELAYED,D04
LH05100509,Lufthansa,FRA,JFK,2026-05-10 17:40,2026-05-10 17:37,219,ON_TIME,A12
UA05150510,United Airlines,FRA,LHR,2026-05-15 21:20,2026-05-15 21:18,264,ON_TIME,B16
DE05140511,Condor,FRA,MUC,2026-05-14 07:30,2026-05-14 08:17,303,DELAYED,B03
DE05270512,Condor,FRA,BER,2026-05-27 18:15,2026-05-27 19:05,186,DELAYED,A05
EK06050513,Emirates,FRA,LHR,2026-06-05 07:30,2026-06-05 07:51,95,DELAYED,D04
LH05230514,Lufthansa,FRA,AMS,2026-05-23 19:00,2026-05-23 21:44,191,DELAYED,E02
LH01190515,Lufthansa,FRA,DXB,2026-01-19 14:35,2026-01-19 15:00,327,DELAYED,C07
AF05150516,Air France,FRA,LHR,2026-05-15 13:25,2026-05-15 13:36,267,ON_TIME,A12
EK04280517,,FRA,JFK,2026-04-28 18:35,2026-04-28 18:59,135,DELAYED,E02
IB03220518,Iberia,FRA,AMS,2026-03-22 23:00,2026-03-22 23:36,275,DELAYED,B16
AF05200519,Air France,FRA,PMI,2026-05-20 12:10,2026-05-20 12:40,284,DELAYED,C07
LH01090520,Lufthansa,FRA,DXB,2026-01-09 15:25,,9,CANCELLED,A05
KL02240521,KLM,FRA,LHR,2026-02-24 15:30,2026-02-24 16:26,316,DELAYED,E02
BA01100522,British Airways,FRA,MUC,2026-01-10 20:00,2026-01-10 19:58,182,ON_TIME,B03
KL01240523,KLM,FRA,CDG,2026-01-24 18:25,2026-01-24 18:35,143,ON_TIME,D04
DE06140524,Condor,FRA,PMI,2026-06-14 14:30,2026-06-14 14:15,95,ON_TIME,A05
EK04220525,Emirates,FRA,AMS,2026-04-22 18:35,2026-04-22 18:54,60,DELAYED,C07
LH05150526,Lufthansa,FRA,CDG,2026-05-15 07:00,2026-05-15 07:49,312,DELAYED,B03
BA06220527,British Airways,FRA,BER,2026-06-22 18:15,2026-06-22 18:20,256,ON_TIME,A18
BA01220528,British Airways,FRA,AMS,2026-01-22 21:25,2026-01-22 21:34,189,ON_TIME,A12
UA04220529,United Airlines,FRA,ZRH,2026-04-22 09:40,2026-04-22 10:02,323,DELAYED,B03
AF03100530,Air France,FRA,MUC,2026-03-10 19:00,2026-03-10 19:37,112,DELAYED,C07
UA03310531,United Airlines,FRA,AMS,2026-03-31 12:00,2026-03-31 11:51,234,ON_TIME,Z15
IB02070532,Iberia,FRA,PMI,2026-02-07 19:30,2026-02-07 19:15,246,ON_TIME,A18
DE01140533,Condor,FRA,MUC,2026-01-14 13:25,2026-01-14 16:22,111,DELAYED,B09
IB01060534,Iberia,FRA,VIE,2026-01-06 15:45,2026-01-06 15:30,322,ON_TIME,B09
IB02060535,Iberia,FRA,PMI,2026-02-06 06:10,2026-02-06 06:20,200,ON_TIME,B03
KL04300536,KLM,FRA,BER,2026-04-30 05:35,2026-04-30 05:43,239,ON_TIME,A12
LH06160537,Lufthansa,FRA,CDG,2026-06-16 17:45,2026-06-16 17:30,303,ON_TIME,Z15
DE02200538,Condor,FRA,HAM,2026-02-20 22:15,2026-02-20 22:27,75,ON_TIME,B03
KL05060539,KLM,FRA,AMS,2026-05-06 17:40,,16,CANCELLED,B09
LH03070540,Lufthansa,FRA,JFK,2026-03-07 17:30,2026-03-07 17:23,170,ON_TIME,A18
EK06180541,Emirates,FRA,MAD,2026-06-18 09:35,2026-06-18 09:20,171,ON_TIME,C07
AF02090542,Air France,FRA,PMI,2026-02-09 18:50,2026-02-09 18:59,122,ON_TIME,B03
BA05190543,British Airways,FRA,PMI,2026-05-19 11:40,2026-05-19 11:46,129,ON_TIME,Z15
BA01180544,British Airways,FRA,AMS,2026-01-18 23:20,2026-01-18 23:06,217,ON_TIME,A18
LH04160545,Lufthansa,FRA,AMS,2026-04-16 18:50,2026-04-16 19:51,195,DELAYED,A18
AF02030546,Air France,FRA,MUC,2026-02-03 10:30,2026-02-03 10:23,191,ON_TIME,Z15
AF03010547,Air France,FRA,PMI,2026-03-01 12:30,2026-03-01 12:34,295,ON_TIME,B16
BA05060548,British Airways,FRA,MAD,2026-05-06 20:40,2026-05-06 20:29,264,ON_TIME,A05
KL02260549,KLM,FRA,MAD,2026-02-26 11:45,2026-02-26 13:02,305,DELAYED,B16
IB04200550,Iberia,FRA,LHR,2026-04-20 17:30,2026-04-20 17:15,215,ON_TIME,C07
LH01280551,Lufthansa,FRA,ZRH,2026-01-28 20:15,2026-01-28 21:46,257,DELAYED,A05
UA06110552,United Airlines,FRA,ZRH,2026-06-11 06:45,2026-06-11 07:20,210,DELAYED,B09
IB04190553,Iberia,FRA,HAM,2026-04-19 15:25,2026-04-19 15:20,286,ON_TIME,A12
,Condor,FRA,HAM,2026-05-30 22:40,2026-05-30 22:25,67,ON_TIME,A18
IB02210555,Iberia,FRA,PMI,2026-02-21 19:35,2026-02-21 19:30,118,ON_TIME,A12
DE04260556,Condor,FRA,DXB,2026-04-26 16:35,2026-04-26 16:20,316,ON_TIME,Z15
BA05210557,British Airways,FRA,MAD,2026-05-21 17:30,2026-05-21 18:10,131,DELAYED,A18
BA01140558,British Airways,FRA,HAM,2026-01-14 18:50,2026-01-14 18:48,283,ON_TIME,B09
BA02030559,British Airways,FRA,MUC,2026-02-03 11:30,2026-02-03 11:43,57,ON_TIME,Z15
IB02250560,Iberia,FRA,LHR,2026-02-25 21:15,2026-02-25 23:57,58,DELAYED,B03
KL06100561,,FRA,PMI,2026-06-10 22:45,2026-06-11 00:09,207,DELAYED,B16
DE01280562,Condor,FRA,BER,2026-01-28 18:40,2026-01-28 19:22,145,DELAYED,D04
EK01240563,Emirates,FRA,BER,2026-01-24 15:00,2026-01-24 15:07,88,ON_TIME,B09
IB02010564,Iberia,FRA,HAM,2026-02-01 14:00,2026-02-01 14:20,162,DELAYED,Z15
LH05270565,Lufthansa,FRA,MUC,2026-05-27 21:35,2026-05-27 21:28,202,ON_TIME,C07
EK05150566,Emirates,FRA,CDG,2026-05-15 16:40,2026-05-15 16:25,309,ON_TIME,D04
BA03010567,British Airways,FRA,PMI,2026-03-01 14:45,,6,CANCELLED,Z15
UA01120568,United Airlines,FRA,MAD,2026-01-12 16:00,2026-01-12 16:19,60,DELAYED,B03
KL01180569,KLM,FRA,CDG,2026-01-18 14:50,2026-01-18 15:03,229,ON_TIME,C07
LH02190570,Lufthansa,FRA,HAM,2026-02-19 16:00,2026-02-19 16:16,297,DELAYED,A05
BA02090571,British Airways,FRA,VIE,2026-02-09 20:20,2026-02-09 20:05,83,ON_TIME,E02
KL06230572,KLM,FRA,PMI,2026-06-23 16:20,2026-06-23 16:44,224,DELAYED,B16
DE03130573,Condor,FRA,HAM,2026-03-13 06:00,2026-03-13 05:45,254,ON_TIME,A18
DE03220574,Condor,FRA,CDG,2026-03-22 06:50,2026-03-22 06:35,176,ON_TIME,B16
IB02250575,Iberia,FRA,CDG,2026-02-25 21:50,2026-02-25 21:59,-19,ON_TIME,D04
LH05090576,Lufthansa,FRA,VIE,2026-05-09 09:45,2026-05-09 10:04,323,DELAYED,B09
EK01260577,Emirates,FRA,HAM,2026-01-26 21:40,2026-01-26 22:17,114,DELAYED,A05
KL06250578,KLM,FRA,BER,2026-06-25 08:00,2026-06-25 10:10,214,DELAYED,A05
KL02230579,KLM,FRA,JFK,2026-02-23 15:45,2026-02-23 15:55,115,ON_TIME,B09
BA03120580,British Airways,FRA,HAM,2026-03-12 08:30,2026-03-12 09:05,107,BOARDING,B03
EK03230581,Emirates,FRA,ZRH,2026-03-23 13:40,2026-03-23 14:04,214,DELAYED,Z15
EK04240582,Emirates,FRA,ZRH,2026-04-24 06:40,,1,CANCELLED,A12
UA01230583,United Airlines,FRA,BER,2026-01-23 19:10,2026-01-23 18:58,283,ON_TIME,Z15
EK03270584,Emirates,FRA,CDG,2026-03-27 12:20,2026-03-27 12:16,293,ON_TIME,Z15
BA06280585,British Airways,FRA,MUC,2026-06-28 19:35,2026-06-28 19:34,173,ON_TIME,B03
BA03080586,British Airways,FR,PMI,2026-03-08 17:10,2026-03-08 16:55,224,ON_TIME,B16
IB01080587,Iberia,FRA,VIE,2026-01-08 08:15,,233,DELAYED,Z15
BA01270588,British Airways,FRA,ZRH,2026-01-27 17:35,2026-01-27 17:55,209,DELAYED,E02
IB06010589,Iberia,FRA,MAD,2026-06-01 18:45,2026-06-01 18:30,229,ON_TIME,B03
UA05260590,United Airlines,FRA,MAD,2026-05-26 16:20,2026-05-26 16:15,94,ON_TIME,Z15
IB06010591,Iberia,FRA,MUC,2026-06-01 20:00,2026-06-01 20:21,90,DELAYED,Z15
DE06020592,Condor,FRA,JFK,2026-06-02 18:00,2026-06-02 18:01,101,ON_TIME,B03
BA06120593,British Airways,FRA,PMI,2026-06-12 05:40,2026-06-12 05:35,283,ON_TIME,B03
AF03230594,Air France,FRA,JFK,2026-03-23 15:25,2026-03-23 15:45,277,DELAYED,B16
DE01030595,Condor,FRA,PMI,2026-01-03 22:10,2026-01-03 22:29,82,DELAYED,A05
EK03140596,Emirates,FRA,MUC,2026-03-14 05:45,2026-03-14 05:52,217,ON_TIME,C07
UA04220597,United Airlines,FRA,MAD,2026-04-22 22:45,2026-04-22 22:44,239,ON_TIME,C07
BA06210598,British Airways,FRA,CDG,2026-06-21 09:40,,4,CANCELLED,D04
UA01220599,United Airlines,FRA,HAM,2026-01-22 10:10,2026-01-22 10:53,147,DELAYED,D04
UA04260600,United Airlines,FRA,ZRH,2026-04-26 18:00,2026-04-26 17:51,58,ON_TIME,Z15
IB03020601,Iberia,FRA,DXB,2026-03-02 21:50,2026-03-02 21:42,302,ON_TIME,B16
DE05040602,Condor,FRA,PMI,2026-05-04 07:40,2026-05-04 07:47,198,ON_TIME,D04
DE06060603,Condor,FRA,ZRH,2026-06-06 07:45,2026-06-06 10:02,214,DELAYED,Z15
LH05170604,Lufthansa,FRA,AMS,2026-05-17 06:15,2026-05-17 06:00,-18,ON_TIME,C07
EK03160605,Emirates,FRA,CDG,2026-03-16 10:30,2026-03-16 10:27,188,ON_TIME,A05
IB02130606,Iberia,FRA,PMI,2026-02-13 06:50,2026-02-13 06:52,201,ON_TIME,D04
DE05100607,Condor,FRA,HAM,2026-05-10 07:50,2026-05-10 07:50,112,ON_TIME,Z15
BA02080608,British Airways,FRA,PMI,2026-02-08 20:00,2026-02-08 20:01,175,ON_TIME,D04
BA01090609,British Airways,FRA,ZRH,2026-01-09 15:35,2026-01-09 15:20,266,ON_TIME,C07
AF04230610,Air France,FRA,JFK,2026-04-23 10:45,2026-04-23 10:34,82,ON_TIME,B09
DE02120611,Condor,FRA,BER,2026-02-12 20:10,2026-02-12 19:55,174,ON_TIME,C07
UA03090612,United Airlines,FRA,VIE,2026-03-09 10:20,2026-03-09 13:10,284,DELAYED,C07
EK06240613,Emirates,FRA,ZRH,2026-06-24 06:35,2026-06-24 06:20,194,ON_TIME,B16
KL01260614,KLM,FRA,CDG,2026-01-26 14:25,2026-01-26 14:10,178,ON_TIME,Z15
AF03280615,Air France,FRA,ZRH,2026-03-28 11:00,2026-03-28 11:50,323,DELAYED,A12
IB02260616,Iberia,FRA,AMS,2026-02-26 14:50,2026-02-26 15:31,84,DELAYED,Z15
AF06130617,Air France,FRA,PMI,2026-06-13 08:35,2026-06-13 08:31,149,ON_TIME,A12
BA03170618,British Airways,FRA,CDG,2026-03-17 19:35,2026-03-17 19:35,196,ON_TIME,C07
EK02110619,Emirates,FRA,CDG,2026-02-11 07:50,2026-02-11 10:17,190,DELAYED,A18
IB05060620,Iberia,FRA,MUC,2026-05-06 12:25,2026-05-06 12:53,110,DELAYED,A18
UA06070621,United Airlines,FRA,LHR,not-a-date,2026-06-07 09:36,183,DELAYED,D04
LH02080622,Lufthansa,FRA,VIE,2026-02-08 05:30,2026-02-08 05:50,223,DELAYED,C07
LH05060623,Lufthansa,FRA,ZRH,2026-05-06 21:10,2026-05-06 22:31,56,DELAYED,C07
IB05260624,Iberia,FRA,MUC,2026-05-26 23:00,2026-05-26 22:45,83,ON_TIME,A12
EK03290625,Emirates,FRA,ZRH,2026-03-29 08:15,2026-03-29 08:25,251,ON_TIME,B03
KL04100626,KLM,FRA,DXB,2026-04-10 09:00,2026-04-10 09:30,279,DELAYED,B03
BA02190627,British Airways,FRA,BER,2026-02-19 06:25,2026-02-19 06:10,310,ON_TIME,E02
IB01100628,Iberia,FRA,BER,2026-01-10 15:30,2026-01-10 16:11,262,DELAYED,A12
AF06200629,Air France,FRA,JFK,2026-06-20 22:15,2026-06-20 22:49,174,DELAYED,A12
LH02060630,Lufthansa,FRA,DXB,2026-02-06 20:30,2026-02-06 20:22,78,ON_TIME,B03
BA02140631,British Airways,FRA,BER,2026-02-14 06:50,2026-02-14 07:31,87,DELAYED,A12
DE06020632,Condor,FRA,VIE,2026-06-02 12:35,2026-06-02 13:08,260,DELAYED,B16
DE05280633,Condor,FRA,JFK,2026-05-28 22:40,2026-05-29 00:17,226,DELAYED,A12
DE02060634,Condor,FRA,CDG,2026-02-06 18:40,2026-02-06 18:50,279,ON_TIME,B03
LH01260635,Lufthansa,FRA,HAM,2026-01-26 17:40,,2,CANCELLED,Z15
KL06270636,KLM,FRA,MAD,2026-06-27 20:40,2026-06-27 20:54,322,ON_TIME,D04
UA02140637,United Airlines,FRA,LHR,2026-02-14 07:25,2026-02-14 07:10,209,ON_TIME,B16
UA05230638,United Airlines,FRA,BER,2026-05-23 12:45,2026-05-23 12:59,103,ON_TIME,Z15
EK05100639,Emirates,FRA,FRA,2026-05-10 13:15,2026-05-10 13:19,131,ON_TIME,D04
EK05100639,Iberia,FRA,HAM,2026-02-10 06:30,2026-02-10 06:28,277,ON_TIME,B09
EK04270641,Emirates,FRA,PMI,2026-04-27 06:35,2026-04-27 07:02,303,DELAYED,E02
DE03020642,Condor,FRA,MUC,2026-03-02 20:25,2026-03-02 20:32,221,ON_TIME,B03
DE02280643,Condor,FRA,AMS,2026-02-28 08:45,2026-02-28 09:15,296,DELAYED,Z15
IB04220644,Iberia,FRA,BER,2026-04-22 09:45,2026-04-22 09:42,253,ON_TIME,B16
BA02190645,British Airways,FRA,VIE,2026-02-19 16:50,2026-02-19 18:32,111,DELAYED,D04
IB02130646,Iberia,FRA,FRA,2026-02-13 15:45,2026-02-13 16:25,142,DELAYED,Z15
AF04160647,Air France,FRA,MUC,2026-04-16 22:15,2026-04-16 22:35,62,DELAYED,C07
AF03250648,Air France,FRA,LHR,2026-03-25 19:25,2026-03-25 20:06,131,DELAYED,Z15
LH01120649,Lufthansa,FRA,MAD,2026-01-12 07:15,2026-01-12 07:04,105,ON_TIME,D04
IB01220650,Iberia,FRA,LHR,2026-01-22 22:30,2026-01-22 22:43,166,ON_TIME,A18
EK03030651,Emirates,FRA,CDG,2026-03-03 07:30,2026-03-03 07:31,67,ON_TIME,D04
,Iberia,FRA,HAM,2026-04-14 11:00,2026-04-14 11:49,55,DELAYED,A12
UA03270653,United Airlines,FRA,DXB,2026-03-27 21:30,2026-03-27 21:45,161,ON_TIME,A12
EK01150654,Emirates,FRA,DXB,2026-01-15 22:00,2026-01-15 21:45,242,ON_TIME,D04
LH04040655,Lufthansa,FRA,AMS,2026-04-04 11:20,2026-04-04 11:05,226,ON_TIME,B03
DE05030656,Condor,FRA,JFK,2026-05-03 11:45,2026-05-03 11:44,312,ON_TIME,C07
KL01170657,KLM,FRA,BER,2026-01-17 17:00,2026-01-17 16:45,327,ON_TIME,E02
KL06080658,KLM,FRA,VIE,2026-06-08 16:35,2026-06-08 16:49,99,ON_TIME,A12
UA03150659,United Airlines,FRA,HAM,2026-03-15 07:35,2026-03-15 07:59,159,DELAYED,E02
LH04170660,Lufthansa,FRA,CDG,2026-04-17 22:40,2026-04-17 23:03,65,DELAYED,B09
AF01060661,Air France,FRA,MUC,2026-01-06 13:20,2026-01-06 13:15,222,BOARDING,D04
IB03190662,Iberia,FRA,VIE,2026-03-19 09:50,2026-03-19 10:16,-2,DELAYED,B16
KL02070663,KLM,FRA,BER,2026-02-07 16:50,2026-02-07 17:31,201,DELAYED,A18
BA06270664,British Airways,FRA,DXB,2026-06-27 09:40,2026-06-27 12:06,119,DELAYED,D04
KL02170665,KLM,FRA,AMS,2026-02-17 12:20,2026-02-17 12:05,284,ON_TIME,E02
BA03190666,British Airways,FRA,ZRH,2026-03-19 08:30,2026-03-19 08:15,129,ON_TIME,D04
EK01020667,Emirates,FRA,HAM,2026-01-02 23:20,2026-01-02 23:26,130,ON_TIME,Z15
IB06260668,Iberia,FRA,AMS,2026-06-26 09:15,2026-06-26 09:03,114,ON_TIME,B09
LH06080669,Lufthansa,FRA,MAD,2026-06-08 13:15,2026-06-08 13:14,324,ON_TIME,B03
KL01060670,KLM,FRA,LHR,2026-01-06 08:20,2026-01-06 09:03,99,DELAYED,E02
UA05060671,United Airlines,FRA,LHR,2026-05-06 16:25,2026-05-06 17:28,130,DELAYED,C07
EK04060672,Emirates,FRA,MAD,2026-04-06 05:50,2026-04-06 05:46,283,ON_TIME,E02
DE04240673,Condor,FRA,LHR,2026-04-24 19:15,2026-04-24 19:51,267,DELAYED,A18
DE02230674,Condor,FRA,HAM,2026-02-23 15:15,2026-02-23 15:00,226,ON_TIME,A12
UA01020675,United Airlines,FRA,MUC,2026-01-02 18:50,2026-01-02 18:35,125,ON_TIME,B03
BA03160676,British Airways,FRA,MAD,2026-03-16 23:15,,18,CANCELLED,B09
IB04290677,Iberia,FRA,ZRH,2026-04-29 12:30,2026-04-29 12:56,296,DELAYED,A12
KL02150678,KLM,FRA,MAD,2026-02-15 20:45,,15,CANCELLED,A12
EK05040679,Emirates,FRA,PMI,2026-05-04 18:50,2026-05-04 18:35,317,ON_TIME,Z15
LH02110680,Lufthansa,FRA,CDG,2026-02-11 06:40,2026-02-11 07:00,124,DELAYED,B16
BA03110681,British Airways,FR,BER,2026-03-11 17:10,2026-03-11 17:31,94,DELAYED,E02
AF02160682,Air France,FRA,JFK,2026-02-16 09:25,2026-02-16 09:37,216,ON_TIME,B09
KL06280683,KLM,FRA,JFK,2026-06-28 16:35,2026-06-28 16:41,199,ON_TIME,B16
IB03290684,Iberia,FRA,MAD,not-a-date,2026-03-29 11:00,151,DELAYED,E02
DE04280685,Condor,FRA,MAD,2026-04-28 07:35,2026-04-28 08:13,240,DELAYED,A18
IB05140686,Iberia,FRA,PMI,2026-05-14 15:40,2026-05-14 18:10,115,DELAYED,B03
BA02060687,British Airways,FR,DXB,2026-02-06 12:50,2026-02-06 13:11,112,DELAYED,A12
LH04210688,Lufthansa,FRA,VIE,2026-04-21 06:45,2026-04-21 07:06,317,DELAYED,Z15
LH01310689,Lufthansa,FRA,VIE,2026-01-31 13:30,2026-01-31 13:24,160,ON_TIME,Z15
AF06210690,Air France,FRA,HAM,2026-06-21 16:30,2026-06-21 16:15,197,ON_TIME,Z15
EK02110691,Emirates,FRA,AMS,2026-02-11 22:25,2026-02-11 22:29,62,ON_TIME,E02
AF02190692,Air France,FRA,DXB,2026-02-19 14:40,2026-02-19 14:49,105,ON_TIME,B03
IB06280693,Iberia,FRA,AMS,2026-06-28 11:15,2026-06-28 12:05,272,DELAYED,B03
AF01290694,Air France,FRA,MAD,2026-01-29 15:35,2026-01-29 16:17,308,DELAYED,B16
KL01110695,KLM,FRA,ZRH,2026-01-11 08:00,2026-01-11 07:54,282,ON_TIME,B03
UA04200696,United Airlines,FRA,CDG,2026-04-20 11:35,2026-04-20 12:07,243,DELAYED,A18
LH05060697,Lufthansa,FRA,JFK,2026-05-06 09:10,2026-05-06 09:19,260,ON_TIME,Z15
DE02130698,Condor,FRA,DXB,2026-02-13 08:00,2026-02-13 08:06,261,ON_TIME,A12
AF05080699,Air France,FRA,MAD,2026-05-08 14:25,2026-05-08 14:41,237,DELAYED,D04
UA05110700,United Airlines,FRA,VIE,2026-05-11 13:40,2026-05-11 13:25,183,ON_TIME,D04
IB06100701,Iberia,FRA,LHR,2026-06-10 09:30,2026-06-10 09:53,146,DELAYED,C07
EK03190702,Emirates,FRA,HAM,2026-03-19 08:35,2026-03-19 08:52,307,DELAYED,D04
AF06190703,Air France,FRA,CDG,2026-06-19 21:15,2026-06-19 21:00,64,ON_TIME,A05
UA04090704,United Airlines,FRA,MUC,2026-04-09 20:00,2026-04-09 20:02,73,ON_TIME,A05
BA06180705,British Airways,FRA,ZRH,2026-06-18 14:40,2026-06-18 15:19,111,DELAYED,Z15
IB05220706,Iberia,FRA,JFK,2026-05-22 23:25,2026-05-23 00:07,135,DELAYED,E02
LH03090707,Lufthansa,FRA,MAD,2026-03-09 21:25,2026-03-09 21:22,219,ON_TIME,A05
LH01120708,Lufthansa,FRA,PMI,2026-01-12 10:00,2026-01-12 09:59,68,ON_TIME,B16
UA04200709,United Airlines,FRA,MUC,2026-04-20 17:00,2026-04-20 17:31,214,DELAYED,Z15
DE01170710,Condor,FRA,DXB,2026-01-17 14:35,2026-01-17 16:21,74,DELAYED,D04
UA05120711,United Airlines,FRA,PMI,2026-05-12 18:50,,18,CANCELLED,C07
EK01260712,Emirates,FRA,PMI,2026-01-26 20:35,2026-01-26 20:50,309,ON_TIME,E02
EK06070713,Emirates,FRA,HAM,2026-06-07 15:00,2026-06-07 15:24,93,DELAYED,E02
AF03090714,Air France,FRA,CDG,2026-03-09 06:50,2026-03-09 07:37,170,DELAYED,Z15
DE05290715,Condor,FRA,DXB,2026-05-29 09:25,2026-05-29 10:18,162,DELAYED,B16
DE03190716,Condor,FRA,JFK,2026-03-19 21:50,2026-03-19 22:22,157,DELAYED,C07
UA06090717,United Airlines,FRA,CDG,2026-06-09 22:15,2026-06-09 22:00,319,ON_TIME,A18
IB06190718,Iberia,FRA,LHR,2026-06-19 19:50,2026-06-19 19:49,277,ON_TIME,Z15
LH02210719,Lufthansa,FRA,ZRH,2026-02-21 17:15,2026-02-21 17:50,277,DELAYED,C07
EK06120720,Emirates,FRA,MUC,2026-06-12 12:10,2026-06-12 12:54,137,DELAYED,B09
AF03030721,Air France,FRA,MAD,2026-03-03 08:40,2026-03-03 08:55,278,ON_TIME,C07
LH02100722,Lufthansa,FRA,LHR,2026-02-10 13:40,,8,CANCELLED,E02
BA01110723,British Airways,FRA,JFK,2026-01-11 20:30,2026-01-11 21:01,87,DELAYED,C07
EK06180724,Emirates,FRA,JFK,2026-06-18 08:10,2026-06-18 08:11,126,ON_TIME,B03
,Condor,FRA,PMI,2026-05-09 09:20,2026-05-09 09:05,309,ON_TIME,A12
AF02010726,Air France,FRA,PMI,2026-02-01 16:00,2026-02-01 15:54,175,ON_TIME,C07
AF01280727,Air France,FRA,HAM,2026-01-28 10:45,2026-01-28 10:42,306,ON_TIME,E02
EK01290728,Emirates,FRA,DXB,2026-01-29 16:20,2026-01-29 16:41,197,DELAYED,A18
EK04050729,Emirates,FRA,VIE,2026-04-05 14:30,2026-04-05 14:49,82,DELAYED,B03
KL04090730,KLM,FRA,ZRH,2026-04-09 15:00,2026-04-09 15:10,328,ON_TIME,B03
IB01030731,Iberia,FRA,MAD,2026-01-03 17:50,2026-01-03 18:41,137,DELAYED,D04
EK04150732,Emirates,FRA,JFK,2026-04-15 06:50,2026-04-15 06:48,306,ON_TIME,D04
UA04190733,United Airlines,FRA,AMS,2026-04-19 08:40,2026-04-19 08:32,222,ON_TIME,D04
LH06140734,Lufthansa,FRA,BER,2026-06-14 11:15,2026-06-14 11:28,260,ON_TIME,B03
KL05280735,KLM,FRA,AMS,2026-05-28 07:35,2026-05-28 07:20,121,ON_TIME,Z15
UA04260736,United Airlines,FRA,AMS,2026-04-26 20:40,2026-04-26 20:47,222,ON_TIME,B09
AF04170737,Air France,FRA,MUC,2026-04-17 16:40,2026-04-17 16:25,65,ON_TIME,A05
AF04290738,Air France,FRA,FRA,2026-04-29 11:50,2026-04-29 12:36,260,DELAYED,Z15
UA03080739,United Airlines,FRA,PMI,2026-03-08 09:35,2026-03-08 11:56,277,DELAYED,D04
IB02270740,Iberia,FRA,MUC,2026-02-27 11:45,2026-02-27 12:26,191,DELAYED,B09
IB02030741,Iberia,FRA,MAD,2026-02-03 18:45,2026-02-03 19:19,269,DELAYED,A18
UA01080742,United Airlines,FRA,HAM,2026-01-08 14:50,2026-01-08 15:03,182,ON_TIME,B16
IB01030743,Iberia,FRA,MUC,2026-01-03 20:40,2026-01-03 21:18,251,DELAYED,C07
KL01250744,KLM,FRA,MUC,2026-01-25 22:30,2026-01-25 22:40,296,ON_TIME,B16
LH03060745,Lufthansa,FRA,BER,2026-03-06 22:25,2026-03-06 23:14,76,DELAYED,Z15
BA02130746,British Airways,FRA,CDG,2026-02-13 22:15,2026-02-13 22:24,122,BOARDING,A12
EK05160747,Emirates,FRA,DXB,2026-05-16 18:40,2026-05-16 18:28,198,ON_TIME,B16
UA03090748,United Airlines,FRA,CDG,2026-03-09 14:20,2026-03-09 15:35,216,DELAYED,D04
BA06180749,British Airways,FRA,ZRH,2026-06-18 19:30,2026-06-18 19:58,138,DELAYED,D04
UA05070750,United Airlines,FRA,MUC,2026-05-07 07:15,2026-05-07 07:34,303,DELAYED,D04
IB02070751,Iberia,FRA,MUC,2026-02-07 09:00,2026-02-07 09:24,315,DELAYED,B09
AF01020752,Air France,FRA,PMI,2026-01-02 22:25,2026-01-02 22:28,181,ON_TIME,D04
DE01070753,Condor,FRA,AMS,2026-01-07 14:35,2026-01-07 14:20,133,ON_TIME,A05
DE06180754,Condor,FRA,VIE,not-a-date,2026-06-18 21:00,57,ON_TIME,B16
LH06090755,Lufthansa,FRA,JFK,2026-06-09 20:00,2026-06-09 21:06,121,DELAYED,B03
LH03140756,Lufthansa,FRA,JFK,2026-03-14 15:30,2026-03-14 15:44,250,ON_TIME,A12
UA02150757,United Airlines,FRA,CDG,2026-02-15 13:10,2026-02-15 13:33,200,DELAYED,A18
DE05060758,Condor,FRA,CDG,not-a-date,2026-05-06 18:53,238,ON_TIME,A12
EK02210759,Emirates,FRA,ZRH,2026-02-21 21:15,2026-02-21 21:00,271,ON_TIME,B16
BA06110760,British Airways,FRA,MAD,2026-06-11 18:35,,14,CANCELLED,B03
BA05150761,British Airways,FRA,VIE,2026-05-15 21:35,2026-05-15 21:20,131,ON_TIME,A18
KL05140762,KLM,FRA,LHR,2026-05-14 18:50,2026-05-14 19:24,78,DELAYED,E02
DE04190763,Condor,FRA,ZRH,2026-04-19 18:35,2026-04-19 18:41,96,ON_TIME,E02
LH06190764,Lufthansa,FRA,MUC,2026-06-19 19:40,2026-06-19 19:25,78,ON_TIME,A12
UA03180765,United Airlines,FRA,DXB,2026-03-18 16:25,2026-03-18 16:40,229,ON_TIME,A18
AF01210766,Air France,FRA,HAM,2026-01-21 13:35,2026-01-21 14:58,114,DELAYED,A05
BA05030767,British Airways,FRA,JFK,2026-05-03 20:10,2026-05-03 20:56,239,DELAYED,C07
KL02020768,KLM,FRA,MUC,2026-02-02 09:30,2026-02-02 09:37,151,ON_TIME,A05
AF06160769,Air France,FRA,VIE,2026-06-16 09:45,2026-06-16 09:30,209,ON_TIME,D04
BA04190770,British Airways,FRA,VIE,2026-04-19 05:35,2026-04-19 05:20,282,ON_TIME,D04
IB04260771,Iberia,FRA,BER,2026-04-26 12:45,2026-04-26 13:10,107,DELAYED,C07
UA05290772,United Airlines,FRA,VIE,2026-05-29 22:50,,16,CANCELLED,Z15
IB01160773,Iberia,FRA,LHR,2026-01-16 21:30,2026-01-16 21:41,268,ON_TIME,D04
DE06090774,Condor,FRA,VIE,2026-06-09 17:15,2026-06-09 18:58,153,DELAYED,D04
EK03010775,Emirates,FRA,VIE,2026-03-01 21:45,2026-03-01 21:37,294,ON_TIME,A18
KL04100776,KLM,FRA,DXB,2026-04-10 19:00,2026-04-10 18:45,137,ON_TIME,Z15
AF06260777,Air France,FRA,CDG,2026-06-26 08:15,2026-06-26 08:39,267,DELAYED,D04
KL02230778,KLM,FRA,LHR,2026-02-23 22:30,2026-02-23 23:15,188,DELAYED,B16
BA05090779,British Airways,FRA,HAM,2026-05-09 06:35,2026-05-09 07:02,304,DELAYED,B09
EK01120780,Emirates,FR,AMS,2026-01-12 22:50,2026-01-12 23:15,318,DELAYED,Z15
DE01130781,Condor,FRA,DXB,2026-01-13 20:15,2026-01-13 20:31,-20,DELAYED,E02
LH01270782,Lufthansa,FRA,ZRH,2026-01-27 10:35,2026-01-27 10:20,135,ON_TIME,B09
IB05080783,Iberia,FRA,ZRH,2026-05-08 08:40,2026-05-08 08:47,279,ON_TIME,C07
LH05020784,Lufthansa,FRA,LHR,2026-05-02 15:50,2026-05-02 16:15,245,DELAYED,C07
EK06200785,Emirates,FRA,JFK,2026-06-20 12:40,2026-06-20 12:25,274,ON_TIME,C07
UA05130786,United Airlines,FRA,VIE,2026-05-13 16:30,2026-05-13 16:36,319,ON_TIME,A12
DE03220787,Condor,FRA,AMS,2026-03-22 17:40,2026-03-22 17:49,132,ON_TIME,Z15
LH06190788,Lufthansa,FRA,JFK,2026-06-19 21:50,2026-06-19 22:08,210,DELAYED,B16
EK03130789,Emirates,FRA,BER,2026-03-13 22:25,2026-03-13 22:31,281,ON_TIME,B16
UA03190790,United Airlines,FRA,LHR,2026-03-19 07:30,2026-03-19 07:19,119,ON_TIME,E02
KL01240791,KLM,FRA,LHR,not-a-date,2026-01-25 00:42,187,DELAYED,B03
KL04190792,KLM,FRA,DXB,2026-04-19 21:35,2026-04-19 22:18,187,DELAYED,E02
EK01130793,Emirates,FRA,MUC,2026-01-13 09:15,2026-01-13 09:27,328,ON_TIME,Z15
AF03180794,Air France,FRA,AMS,2026-03-18 15:25,2026-03-18 15:13,321,ON_TIME,B03
DE05130795,Condor,FRA,AMS,2026-05-13 12:00,2026-05-13 12:29,102,DELAYED,A05
UA05020796,United Airlines,FRA,HAM,2026-05-02 12:15,2026-05-02 12:49,261,DELAYED,Z15
UA05300797,United Airlines,FRA,CDG,2026-05-30 21:10,2026-05-30 21:02,268,ON_TIME,A18
BA02020798,British Airways,FRA,ZRH,2026-02-02 21:15,2026-02-02 21:00,325,ON_TIME,A12
AF05020799,Air France,FRA,VIE,2026-05-02 06:40,2026-05-02 06:25,264,ON_TIME,A12
DE05270800,Condor,FRA,AMS,2026-05-27 14:30,2026-05-27 15:27,211,DELAYED,B16
